"name","age","hometown","occupation","eliminated","season"
"Helene Eksterowicz","27","Gloucester, New Jersey","School Psychologist","Winner",2
"Brooke Smith","22","Albertville, Alabama","College Student","Runner-Up",2
"Gwen Gioia","31","Philadelphia, Pennsylvania","Executive Recruiter","Week 6",2
"Angela","27","Kansas City, Missouri","Registered Nurse","Week 5",2
"Hayley","28","Lake Oswego, Oregon","Retail Manager","Week 4",2
"Heather Crawford","30","Dallas, Texas","Flight Attendant","Week 4",2
"Christi","23","Boise, Idaho","Assistant Financial Advisor","Week 3",2
"Heather","24","Walnut Creek, California","Marriage Therapy Trainee","Week 3",2
"Kyla","22","Midvale, Utah","Airline Supervisor","Week 3",2
"Shannon","26","Long Island, New York","Graphic Artist","Week 3",2
"Dana","24","Beverly Hills, California","Radio Sales","Week 2",2
"Erin","25","Westchester, Pennsylvania","Publications Quality Control","Week 2",2
"Suzanne","33","Redondo Beach, California","Flight Attendant","Week 2",2
"Frances","30","San Francisco, California","Strategic Planning Analyst","Week 2 (Quit)",2
"Anindita","27","New York, New York","Attorney","Week 2 (Quit)",2
"Amber","26","Chapel Hill, North Carolina","Psychologist","Week 1",2
"Camille","29","Los Angeles, California","Actress","Week 1",2
"Cari","29","Granite City, Illinois","3rd Grade Teacher","Week 1",2
"Christy","24","Avondale, Arizona","Radiological Technologist","Week 1",2
"Erin","24","Houston, Texas","Interior Designer","Week 1",2
"Fatima","22","Long Beach, California","College Student","Week 1",2
"Liangy","30","Coral Gables, Florida","Paralegal","Week 1",2
"Lori","26","Dallas, Texas","Former NBA Cheerleader","Week 1",2
"Merrilee","28","Forked River, New Jersey","1st Grade Teacher","Week 1",2
"Suzi","28","Richmond, Virginia","Communications Specialist","Week 1",2
"Amanda Marsh","23","Chanute, Kansas","Event Planner","Winner",1
"Trista Rehn","29","Miami, Florida","Miami Heat Dancer","Runner-Up",1
"Shannon Oliver","24","Dallas, Texas","Financial Management Consultant","Week 5",1
"Kim","24","Tempe, Arizona","Nanny","Week 4",1
"Cathy Grimes","22","Terra Haute, Indiana","Graduate Student","Week 3",1
"Christina","28","Bonita, California","Attorney","Week 3",1
"LaNease Adams","23","Los Angeles, California","Actress","Week 3",1
"Rhonda","28","Woodward, Oklahoma","Commercial Real Estate Agent","Week 3",1
"Alexa","27","Beverly Hills, California","Special Ed. Teacher","Week 2",1
"Amy","28","New York, New York","Production Coordinator","Week 2",1
"Angela","25","Avondale, Arizona","Hooters Waitress","Week 2",1
"Angelique","27","Burbank, California","Actress","Week 2",1
"Katie","23","Malden, Massachusetts","Power Tool Sales Rep.","Week 2",1
"Melissa","25","Tempe, Arizona","Photographer","Week 2",1
"Tina","27","Plano, Texas","Graduate Student","Week 2",1
"Amber","29","Los Angeles, California","Business Development Director","Week 1",1
"Daniela","30","Seattle, Washington","Neuropsychologist","Week 1",1
"Denise","30","Honolulu, Hawaii","Doctor","Week 1",1
"Jackie","22","Pittsburgh, Pennsylvania","Bar Manager","Week 1",1
"Jill","31","Chicago, Illinois","Retail Manager","Week 1",1
"Kristina","27","Los Angeles, California","Advertising Executive","Week 1",1
"Lisa","29","Dallas, Texas","Attorney","Week 1",1
"Paula","24","Swansea, Massachusetts","Insurance Representative","Week 1",1
"Rachel","29","Eastchester, New York","6th Grade Teacher","Week 1",1
"Wendi","26","Dallas, Texas","Technology Specialist","Week 1",1
"Jessica Bowlin","22","Huntington Beach, California","Student","Winner",5
"Tara Huckeby","23","Shawnee, Oklahoma","General contractor","Week 7",5
"Mandy Jaye Jeffreys","26","Midland, Texas","Designer for an architect firm","Week 6",5
"Trish Schneider","28","Atlanta, Georgia","Model","Week 5",5
"Suzie Williams","23","Ann Arbor, Michigan","Prosthetic technician","Week 4",5
"Karen Lindsay","28","Pleasant Grove, Utah","Pharmaceutical sales","Week 4",5
"Jessica Holcomb","25","Pearsall, Texas","Attorney","Week 3",5
"Julie Durda","24","Sacramento, California","Professional Cheerleader","Week 3",5
"Jenny De Schiralli","26","Carrboro, North Carolina","Swim instructor/nanny/personal trainer","Week 3",5
"Katie Gehart","22","Scottsdale, Arizona","LASIK Eye and Skin Center manager","Week 3",5
"Jean-Marie Callahan","26","Gibson, North Carolina","Hair stylist","Week 2",5
"Debbie Merkett","27","Pinetops, North Carolina","Massage therapist/bartender","Week 2",5
"Anne-Catherine Labb√©","27","Quebec City, Quebec","Model/make-up artist","Week 2",5
"Amber LaRoux","27","Sunriver, Oregon","Consultant","Week 2",5
"Mandy Clemens","25","San Diego, California","Professional soccer player","Week 2",5
"Kristy Romero","25","Dearborn, Michigan","Student","Week 2",5
"Celeste Creel","24","Ithaca, New York","Model/executive assistant","Week 2",5
"Jenny Matthews","24","Canton, Michigan","Retail manager","Week 2",5
"Dolores Farburg","26","Madison, New Jersey","Account manager","Week 1",5
"Francine Jones","25","Houston, Texas","Retail manager","Week 1",5
"DeShaun Warner","25","Phillipsburg, New Jersey","Account manager/sales","Week 1",5
"Jessica Kyron","21","Cincinnati, Ohio","Student","Week 1",5
"Holly Reeder","26","Tulsa, Oklahoma","Bank representative","Week 1",5
"Rachel Clementi","26","Buffalo, New York","Fashion public relations manager","Week 1",5
"Kristin Clearwater","25","Sausalito, California","Singer","Week 1",5
"Jennifer Wilson","24","Pembroke Pines, Florida","Teacher","Winner",9
"Sadie Murray","23","Carlsbad, California","Publicist","Week 7",9
"Lisa Blank","25","Portland, Oregon","Marketing manager","Week 6",9
"Agnese Polliza","24","Venice, Italy","Student","Week 5",9
"Jeanette Pawula","23","Bloomingdale, Illinois","Teacher","Week 4",9
"Desiree Valentin","22","Salt Lake City, Utah","Realtor","Week 4",9
"Jami Matzke","27","Galveston, Texas","Event planner","Week 3",9
"Gina Clark","28","Chicago, Illinois","Ultrasound technician","Week 3",9
"Erica Rose","23","Houston, Texas","Socialite","Week 3",9
"Sarah Schnare","30","Nelson, British Columbia","Journalist","Week 2",9
"Kim Jackson","27","Newport Beach, California","Interior designer","Week 2",9
"Ellen DeMaio","30","New Haven, Connecticut","Realtor","Week 2",9
"Tara Durr","24","St. Augustine, Florida","Realtor","Week 1",9
"Rosella Fratto","27","Chicago, Illinois","Make-up artist","Week 1",9
"Rita Ghazal","29","Richmond, VA","Policy advisor","Week 1",9
"Renee Snell","30","Baltimore, MD","Broadcast marketer","Week 1",9
"Meri Barr","27","Biloxi, MS","Attorney","Week 1",9
"Laura Morgan","29","San Diego, CA","Dolphin trainer","Week 1",9
"Jessica Horner","25","Charlotte, NC","Assistant buyer","Week 1",9
"Heather Sneed","34","Aliquippa, PA","Registered nurse","Week 1",9
"Elyse Hammer","27","New York, NY","Physician","Week 1",9
"Cosetta Blanca",NA,"Italy","Dancer","Week 1",9
"Claudia Gismondi","22","Boca Raton, FL","Restaurateur","Week 1",9
"Carissa Ilburg","25","Cattaraugus, NY","Attorney","Week 1",9
"Britt (Bowe) Newton","28","Columbus, OH","Beer chemist","Week 1",9
"Andrea Shirley","28","Cincinnati, OH","Hotel concierge","Week 1",9
"April Jacobs","23","Chicago, IL","Model","Week 1",9
"Tessa Horst","26","San Francisco, California","Social Worker","Winner",10
"Bevin Nicole Powers","28","Palo Alto, California","Assistant","Week 8",10
"Danielle Imwalle","25","Bethel, Connecticut","Graphic Designer","Week 7",10
"Amber Alchalabi","23","Sugar Land, Texas","Teacher","Week 6",10
"Stephanie Wilhite","23","Overland Park, Kansas","Project Manager","Week 5",10
"Tina Wu","26","Los Angeles, California","Medical student","Week 5",10
"Kate Brockhouse","24","Ravenel, South Carolina","Boutique owner","Week 4",10
"Nicole Clary","26","Charleston, SC","Sales Manager","Week 4",10
"Stephanie Tipper","27","Folly Beach, SC","Organ donor coordinator","Week 4",10
"Amanda Hackney","26","Dallas, TX","Financial analyst","Week 3",10
"Erin Parker","24","Logansport, LA","Financial analyst","Week 3",10
"Peyton Wright","24","La Vergne, Tennessee","Sorority recruiter","Week 3",10
"Alexis Young","26","Southlake, TX","Attorney","Week 2",10
"Susan Anderson","23","The Woodlands, TX","Boutique manager","Week 2",10
"Tiffany Warren","28","Boston, MA","Medical equipment sales rep","Week 2",10
"Blakeney Rowe","29","Birmingham, AL","Radio sales","Week 1",10
"Candace DeCost","23","Hilton Head Island, SC","Waitress","Week 1",10
"Catherine Warren","23","Lake Forest, IL","Former Miss Illinois","Week 1",10
"Danielle Vallis","26","Bronx, NY","Attorney","Week 1",10
"Jackie Topelli","23","Minneapolis, MN","Executive coordinator","Week 1",10
"Jeanette Alvarez","27","Tampa, FL","Health care manager","Week 1",10
"Jessica Devallo","32","New York, NY","Hedge fund analyst","Week 1",10
"Linda Malek","33","Cuyahoga Falls, OH","Attorney","Week 1",10
"Lindsay Smith","22","Lawrence, KS","Student","Week 1",10
"Tiffany Forester","27","St. Louis Park, MN","Real estate sales/development","Week 1",10
"Deanna Pappas","25","Newnan, Georgia","Realtor","Week 8",11
"Jenni Croft","27","Wichita, Kansas","Phoenix Suns Cheerleader","Week 8",11
"Bettina Bell","27","Washington, D.C.","Realtor","Week 7",11
"Sheena Stewart","23","Walnut Creek, California","Internet marketing executive","Week 6",11
"Hillary Reisinger","27","Philadelphia, Pennsylvania","Registered nurse","Week 5",11
"Kristy Katzmann","29","Gurnee, Illinois","Acupuncturist","Week 5",11
"Estefania ""Stephy"" Kootz","26","Atlanta, Georgia","Executive assistant","Week 4",11
"Jade Beazley","24","Nashville, Tennessee","Boutique sales worker","Week 4",11
"McCarten Delaney","26","Lemon Grove, California","Account manager","Week 4",11
"Lindsey Hawkins","25","Livonia, Michigan","Model","Week 3",11
"Sarah Newlon","23","O'Fallon, Illinois","Bar manager","Week 3",11
"Solisa Shoop","25","Georgetown, Texas","Esthetician","Week 3",11
"Michele Leavy","30","South Brunswick, New Jersey","Realtor","Week 2",11
"Mallory Simons","24","Honolulu, Hawaii","Nanny","Week 2",11
"Erin Gardner","25","Tampa, Florida","Publishing sales executive","Week 2",11
"Jessica Kiss","27","Lady Lake, Florida","News anchor","Week 1",11
"Juli Gilliam","24","Chicago, Illinois","Law student","Week 1",11
"Kim Orville","31","Woodbridge, Connecticut","Realtor","Week 1",11
"Lori Langley","33","Annapolis, Maryland","Biology teacher","Week 1",11
"Melissa Buschel","28","Westchester, New York","Event planner","Week 1",11
"Morgan Becker","24","Tempe, Arizona","Graduate student","Week 1",11
"Natalie Velasco","25","Duncanville, Texas","Law student","Week 1",11
"Regina Doringa","31","San Diego, California","Account representative","Week 1",11
"Tauni Nessler","31","St. Louis Park, Minnesota","Emergency room nurse","Week 1",11
"Susan Stein","35","St. Charles, Illinois","Project analyst","Week 1",11
"Shayne Lamas","22","Malibu, California","Actress","Winner",12
"Chelsea Wanstrath","25","Durango, Colorado","Pharmaceutical sales rep.","Runner-up",12
"Amanda Rantuccio","27","Niceville, Florida","Account Executive","Week 7",12
"Noelle Drake","26","Loveland, Colorado","Photographer","Week 6",12
"Marshana Ritchie","27","Brooklyn, New York","Fashion designer","Week 5",12
"Robin Canfield","22","Holland, Michigan","Advertising coordinator","Week 5",12
"Ashlee Williss","22","Jacksonville Beach, Florida","Singer-songwriter","Week 4",12
"Kelly Duncan","25","Hollywood, California","Medical sales rep.","Week 4",12
"Holly Durst","24","Suffield, Ohio","Children's book author","Week 4",12
"Amy","22","Stockton, California","Nanny","Week 3",12
"Erin Storm","33","Venice, California","Hot-dog vendor","Week 3",12
"Kristine Heffelfinger","33","Dillsburg, Pennsylvania","Personal trainer","Week 3",12
"Carri Perrier","25","Oklahoma City, Oklahoma","Church marketing rep.","Week 2",12
"Erin Harper","25","Seattle, Washington","Event planner","Week 2",12
"Michelle P.","28","Syracuse, New York","Administrative assistant","Week 2",12
"Alyssa","24","Boise, Idaho","Biology student","Week 1",12
"Amanda Petterman","26","LaFollette, Tennessee","Law student","Week 1",12
"Denise","30","Washington, D.C","Attorney and former White House aide","Week 1",12
"Devon","24","Austin, Texas","Makeup artist","Week 1",12
"Lesley Geyer","23","Tampa, Florida","Youth minister","Week 1",12
"Michele R.","33","Laguna Niguel, California","Interior designer","Week 1",12
"Rebecca","30","Alamo, California","Attorney","Week 1",12
"Stacey Elza","26","Chicago, Illinois","Graduate student","Week 1",12
"Tamara","23","Beverly Hills, California","Cocktail waitress","Week 1",12
"Tiffany","33","San Francisco, California","Real estate marketing rep.","Week 1",12
"Melissa Rycroft","25","Dallas, Texas","Sales Representative","Winner",13
"Molly Malaney","24","Brookfield, Wisconsin","Department Store Buyer","Runner-up",13
"Jillian Harris","29","Peace River, Alberta","Interior Designer","Week 7",13
"Naomi Rose Crespo","24","Carlsbad, California","Flight Attendant","Week 6",13
"Stephanie Hogan","34","Huntsville, Alabama","Single Mother & Medical Marketing Rep.","Week 5",13
"Lauren Wanger","27","Marlboro, New Jersey","Teacher","Week 4",13
"Megan Parris","25","Sewickley, Pennsylvania","Single Mother and Lacrosse Coach","Week 4",13
"Shannon Bair","29","Marshall, Missouri","Dental Hygienist","Week 4",13
"Nicole ""Nikki"" Kaapke","29","Blue Island, Illinois","Administrative Assistant","Week 4",13
"Erica DeSimone","25","Monroe, Connecticut","Account Executive","Week 3",13
"Kari Fajen","27","Lee's Summit, Missouri","Account Executive","Week 3",13
"Natalie Getz","27","Morton, Illinois","Human Resources Recruiter","Week 3",13
"Raquel Medeiros","27","Recife, Pernambuco, Brazil","Medical Student","Week 2",13
"Sharon Staebell","32","Batavia, New York","Teacher","Week 2",13
"Lisa Gonzalez","28","Boise, Idaho","Public Relations Associate","Week 2",13
"Ann Lueders","24","Phoenix, Arizona","Flight Attendant","Week 1",13
"Dominique Carta","26","Mt. Carmel, Pennsylvania","Medical Sales Rep.","Week 1",13
"Emily","23","Seattle, Washington","Casino Marketing Rep.","Week 1",13
"Jackie Hickey","26","Springfield, Massachusetts","Wedding Coordinator","Week 1",13
"Julie Dermotta","26","Columbus, Ohio","Teacher","Week 1",13
"Nicole Mah","25","Calgary, Alberta","Menswear Buyer","Week 1",13
"Renee Simlak","36","Southfield, Michigan","Jewelry Designer","Week 1",13
"Shelby","23","Stockton, California","Account Executive","Week 1",13
"Stacia Mann","24","Orem, Utah","Single Mother & Charity Accountant","Week 1",13
"Treasure Morgan","28","Salt Lake City, Utah","Single Mother and Nurse Practitioner","Week 1",13
"Vienna Girardi","23","Geneva, Florida","Marketing Representative","Winner",14
"Tenley Molzahn","25","Newberg, Oregon","College Admissions","Runner-up",14
"Gia Allemand","26","New York, New York","Swimsuit Model","Week 7",14
"Ali Fedotowsky","25","Williamstown, Massachusetts","Advertising Account Manager","Week 6",14
"Corrie Adamson","23","Kissimmee, Florida","Wardrobe Consultant","Week 5",14
"Ashleigh Hunt","25","North Potomac, Maryland","Account Manager","Week 4",14
"Jessie Sulidis","25","Oakville, Ontario","Cosmetic Sales Manager","Week 4",14
"Kathryn Sherlock","25","Lexington, Kentucky","Corporate Flight Attendant","Week 4",14
"Ella Nolan","30","La Follette, Tennessee","Hair Stylist","Week 4",14
"Elizabeth Kitt (NE)","29","Imperial, Nebraska","Nanny","Week 3",14
"Valishia Savage","32","San Bernardino, California","Homemaker","Week 3",14
"Michelle Kujawa","26","Anaheim, California","Office Manager","Week 3",14
"Ashley Elmore","29","Pittsburgh, Pennsylvania","Teacher","Week 2",14
"Christina McCasland","25","San Diego, California","Restaurant Manager","Week 2",14
"Rozlyn Papa","28","Richmond, Virginia","Model/Make-Up Artist","Week 2",14
"Alexa (Lex) McAllister","25","Galloway, Ohio","Entrepreneur","Week 1",14
"Caitlyn McCabe","24","Winfield, Illinois","Spokesmodel","Week 1",14
"Channy Choch","29","Santa Rosa, California","Mortgage Loan Officer","Week 1",14
"Elizabeth Kreft (D.C.)","29","Union, Kentucky","Captain, Air National Guard","Week 1",14
"Emily Harkins","23","West Chester, Ohio","Fitness Model","Week 1",14
"Kimberly Sullivan","24","Norman, Oklahoma","NBA Dancer","Week 1",14
"Kirsten Pittman","25","Aurora, Colorado","Waitress","Week 1",14
"Sheila Marie Lidner","25","Scottsdale, Arizona","Commercial Pilot","Week 1",14
"Stephanie Mueller","24","Morris, Illinois","Dance Teacher","Week 1",14
"Tiana Kruzel","31","Calgary, Alberta","Medical Technician","Week 1",14
"Emily Maynard","25","Morgantown, West Virginia","Children's Hospital Event Planner","Winner",15
"Chantal O'Brien","28","Mercer Island, Washington","Executive Assistant","Runner-up",15
"Ashley Hebert","26","Madawaska, Maine","Dental Student","Week 9",15
"Shawntel Newton","25","Chico, California","Funeral Director","Week 8",15
"Michelle Money","30","Salt Lake City, Utah","Hair stylist","Week 7",15
"Britt Billmaier","25","Woodinville, Washington","Food writer","Week 7",15
"Jackie Gordon","26","Newport, Rhode Island","Artist","Week 6",15
"Alli Travis","24","Columbus, Ohio","Apparel merchant","Week 6",15
"Lisa Morrisey","24","Ottawa, Kansas","Marketing Coordinator","Week 5",15
"Marissa May","26","Mesa, Arizona","Sports Publicist","Week 5",15
"Ashley Spivey","26","Ellerbe, North Carolina","Nanny","Week 5",15
"Lindsay Hill","25","Plano, Texas","First grade teacher","Week 4",15
"Meghan Merritt","30","Princeton, New Jersey","Fashion Marketer","Week 4",15
"Stacey Quirpel","26","Quincy, Massachusetts","Bartender","Week 4",15
"Kimberly Coon","27","Orlando, Florida","Marketing Coordinator","Week 3",15
"Sarah Powell","27","Denver, Colorado","Real Estate Broker","Week 3",15
"Madison Garton","25","Vail, Colorado","Model","Week 3",15
"Keltie Colleen","28","Sherwood Park, Alberta","Radio City Rockette","Week 2",15
"Melissa Schreiber","32","Westport, Connecticut","Waitress","Week 2",15
"Raichel Goodyear","29","Fullerton, California","Manscaper","Week 2",15
"Britnee","25","Holland, Pennsylvania","Paralegal","Week 1",15
"Cristy Caserta","30","Davie, Florida","Attorney","Week 1",15
"Jessica ""J"" Adams","26","Seattle, Washington","Operations Manager","Week 1",15
"Jill Ruskowski","28","Frisco, Texas","Sales director","Week 1",15
"Lacey Garbelman","27","Tampa, Florida","Insurance agent","Week 1",15
"Lauren Moore","26","Culpeper, Virginia","High School Teacher","Week 1",15
"Lisa P.","27","Dix Hills, New York","Sales Consultant","Week 1",15
"Rebecca","30","Mission Viejo, California","Esthetician","Week 1",15
"Renee Halpin","28","Palos Hills, Illinois","Nanny","Week 1",15
"Sarah Ledtke","25","Saginaw, Michigan","Musical Theatre Performer","Week 1",15
"Courtney Robertson","28","Scottsdale, Arizona","Model","Winner",16
"Lindzi Cox","27","Newcastle, Washington","Business development manager","Runner-up",16
"Nicki Sterling","26","Hurst, Texas","Dental hygienist","Week 9",16
"Kacie Boguskie","24","Clarksville, Tennessee","Administrative assistant","Week 8",16
"Emily O'Brien","27","Chapel Hill, North Carolina","PhD Student","Week 7",16
"Rachel Truehart","27","Southampton, Massachusetts","Fashion sales representative","Week 7",16
"Jamie Otis","25","Dryden, New York","Registered nurse","Week 6",16
"Casey Shteamer","26","Leawood, Kansas","Trading clerk","Week 6",16
"Blakeley Jones","33","Rutherfordton, North Carolina","VIP cocktail waitress","Week 6",16
"Jennifer Fritsch","28","Cache, Oklahoma","Accountant","Week 5",16
"Elyse Myers","24","Chicago, Illinois","Personal trainer","Week 5",16
"Monica Spannbauer","33","Yuba, California","Dental consultant","Week 4",16
"Samantha Levey","26","Pittsburgh, Pennsylvania","Advertising account manager","Week 4",16
"Erika Uhlig","23","Charlottesville, Virginia","Law student","Week 3",16
"Jaclyn Swartz","27","Newton, Massachusetts","Advertising account manager","Week 3",16
"Brittney Schreiner","26","Colorado Springs, Colorado","Medical sales representative","Week 3",16
"Jenna Burke","27","Loveland, Ohio","Blogger","Week 2",16
"Shawn Reynolds","28","Cincinnati, Ohio","Financial advisor","Week 2",16
"Amber Bacon","23","Port Coquitlam, British Columbia","Labor and delivery nurse","Week 1",16
"Amber Tierney","28","Waverly, Nebraska","Critical care nurse","Week 1",16
"Anna Snowball","25","Detroit, Michigan","Student","Week 1",16
"Dianna Martinez","30","San Gabriel, California","Nonprofit director","Week 1",16
"Holly Johnson","34","Salyersville, Kentucky","Pharmaceutical sales representative","Week 1",16
"Lyndsie James","29","London, England","Internet entrepreneur","Week 1",16
"Shira Astrof","35","Massapequa Park, New York","Actress","Week 1",16
"Catherine Giudici","26","Seattle, Washington","Graphic Designer","Winner",17
"Lindsay Yenter","24","Fort Bragg, North Carolina","Substitute Teacher","Runner-up",17
"AshLee Frazier","32","Houston, Texas","Personal Organizer","Week 9",17
"Desiree Hartsock","26","Northglenn, Colorado","Bridal Stylist","Week 8",17
"Lesley Murphy","24","Fort Smith, Arkansas","Political Consultant","Week 7",17
"Tierra LiCausi","24","Las Vegas, Nevada","Leasing Consultant","Week 7",17
"Daniella McBride","24","Belmont, California","Commercial Casting Associate","Week 6",17
"Selma Alameri","29","Borrego Springs, California","Real Estate Dealer","Week 6",17
"Sarah Herron","26","Evergreen, Colorado","Advertising Executive","Week 6",17
"Robyn Howard","24","Topeka, Kansas","Oil Field Account Manager","Week 5",17
"Jackie Parr","25","Ormond Beach, Florida","Cosmetics Consultant","Week 5",17
"Amanda Meyer","26","Bakersfield, California","Fit Model","Week 4",17
"Leslie Hughes","28","Ruskin, Florida","Poker Dealer","Week 4",17
"Kristy Kaminski","25","Darien, Wisconsin","Model","Week 3",17
"Taryn Renee Daniels","30","Troutdale, Oregon","Health Club Manager","Week 3",17
"Kacie Boguskie","25","Clarksville, Tennessee","Administrative Assistant","Week 3",17
"Brooke Burchette","25","Pittsburgh, Pennsylvania","Community Organizer","Week 2",17
"Diana Weeks Willardson","31","Sandy, Utah","Salon Owner","Week 2",17
"Katie Levans","27","Woodstock, Illinois","Yoga Instructor","Week 2",17
"Ashley Harper","25","Garner, North Carolina","Fashion Model","Week 1",17
"Ashley Palenkas","28","Macomb, Michigan","Hair Stylist","Week 1",17
"Kelly Dutton","28","Chattanooga, Tennessee","Cruise Ship Entertainer","Week 1",17
"Keriann Miranda","29","Agoura Hills, California","Entrepreneur","Week 1",17
"Lacey Latka","24","Stevenson Ranch, California","Graduate Student","Week 1",17
"Lauren Marchetti","27","Cranston, Rhode Island","Journalist","Week 1",17
"Paige Vigil","25","Minnetonka, Minnesota","Jumbotron Operator","Week 1",17
"Nikki Ferrell","26","Kearney, Missouri","Pediatric Nurse","Winner",18
"Clare Crawley","32","Sacramento, California","Hairstylist","Runner-up",18
"Andi Dorfman","26","Buckhead, Georgia","Assistant District Attorney","Week 9",18
"Renee Oteri","32","Martha's Vineyard, Massachusetts","Real Estate Agent","Week 8",18
"Chelsie Webster","24","Lexington, Ohio","Science Educator","Week 7",18
"Sharleen Joynt","29","Ottawa, Ontario","Opera Singer","Week 7",18
"Kat Hurd","29","Iowa City, Iowa","Medical Sales Representative/NBA Dancer","Week 6",18
"Cassandra Ferguson","22","Shelby Charter Township, Michigan","Former NBA Dancer","Week 6",18
"Alli Restko","26","Orland Park, Illinois","Nanny","Week 5",18
"Danielle Ronco","25","Litchfield, Illinois","Psychiatric Nurse","Week 5",18
"Kelly Travis","27","Conyers, Georgia","Dog Lover","Week 5",18
"Elise Mosca","27","Forty Fort, Pennsylvania","First Grade Teacher","Week 4",18
"Lauren Solomon","26","Austin, Texas","Music Composer","Week 4",18
"Christy Hansen","24","Aurora, Illinois","Marketing Manager","Week 3",18
"Lucinda ""Lucy"" Aragon","25","Santa Barbara, California","Free Spirit","Week 3",18
"Amy Long","27","Clermont, Florida","Local News Reporter","Week 2",18
"Chantel Forrest","27","Miami, Florida","Account Manager","Week 2",18
"Victoria Lima","24","Porto Alegre, Brazil","Legal Assistant","Week 2",18
"Alexis Morgado","24","Tampa, Florida","Communications Director/NHL Ice Girl","Week 1",18
"Amy Jokinen","31","Apopka, Florida","Massage Therapist","Week 1",18
"Ashley Poe","25","Roanoke, Texas","Grade School Teacher","Week 1",18
"Christine Llano","23","Miami, Florida","Police Support Specialist","Week 1",18
"Kylie Lewis","23","Rockford, Illinois","Interior Designer","Week 1",18
"Lacy Faddoul","25","Antelope Acres, California","Nursing Home Owner","Week 1",18
"Lauren Higginson","25","Edmond, Oklahoma","Mineral Coordinator","Week 1",18
"Maggie Gantt","25","Wagener, South Carolina","Personal Banker","Week 1",18
"Valerie Eredia","26","Sutter, California","Personal Trainer","Week 1",18
"Whitney Bischoff","29","Louisville, Kentucky","Fertility Nurse","Winner",19
"Becca Tilley","25","Shreveport, Louisiana","Chiropractic Assistant","Runner-up",19
"Kaitlyn Bristowe","29","Leduc, Alberta","Dance Instructor","Week 9",19
"Jade Roper","28","Gering, Nebraska","Cosmetics Developer","Week 8",19
"Carly Waddell","29","Arlington, Texas","Cruise Ship Singer","Week 7",19
"Britt Nilsson","27","Wolcott Mills, Michigan","Waitress","Week 7",19
"Megan Bell","24","Nashville, Tennessee","Make-Up Artist","Week 6",19
"Kelsey Poe","28","Hudsonville, Michigan","Guidance Counselor","Week 6",19
"Ashley Iaconetti","26","Great Falls, Virginia","Nanny/Freelance Journalist","Week 6",19
"Mackenzie Deonigi","21","Maple Valley, Washington","Dental Assistant","Week 5",19
"Samantha Steffen","27","Indianapolis, Indiana","Fashion Designer","Week 5",19
"Ashley Salter","24","Vinings, Georgia","Hair Stylist","Week 4",19
"Juelia Kinney","30","Beaverton, Oregon","Esthetician","Week 4",19
"Nikki Delventhal","26","Hasbrouck Heights, New Jersey","Former NFL Cheerleader","Week 4",19
"Jillian Anderson","25","Howland, Ohio","News Producer","Week 4",19
"Amber James","29","Kankakee, Illinois","Bartender","Week 3",19
"Tracy Darakis","29","Wellington, Florida","Fourth Grade Teacher","Week 3",19
"Trina Scherenberg","33","Algonquin, Illinois","Special Education Teacher","Week 3",19
"Alissa Giambrone","24","Hamilton, New Jersey","Flight Attendant","Week 2",19
"Jordan Branch","24","Windsor, Colorado","Student","Week 2",19
"Kimberly Sherbach","28","Wantagh, New York","Yoga Instructor","Week 2",19
"Tandra Steiner","30","Sandy, Utah","Executive Assistant","Week 2",19
"Tara Eddings","26","Fort Lauderdale, Florida","Sport Fishing Enthusiast","Week 2",19
"Amanda Goerlitz","24","Lake in the Hills, Illinois","Ballet Teacher","Week 1",19
"Bo Stanley","25","Carpinteria, California","Plus-Size Model","Week 1",19
"Brittany Fetkin","26","Temecula, California","WWE Diva-in-Training","Week 1",19
"Kara Wilson","25","Brownsville, Kentucky","High School Soccer Coach","Week 1",19
"Michelle Davis","25","Provo, Utah","Wedding Cake Baker","Week 1",19
"Nicole Meacham","31","Scottsdale, Arizona","Real Estate Agent","Week 1",19
"Reegan Cornwell","28","Manhattan Beach, California","Cadaver Tissue Saleswoman","Week 1",19
"Lauren Bushnell","25","West Linn, Oregon","Flight Attendant","Winner",20
"Joelle ""JoJo"" Fletcher","24","Dallas, Texas","Real Estate Developer","Runner-up",20
"Caila Quinn","24","Hudson, Ohio","Software Sales Representative","Week 9",20
"Amanda Stanton","25","Rancho Santa Margarita, California","Esthetician","Week 8",20
"Becca Tilley","26","Shreveport, Louisiana","Chiropractic Assistant","Week 7",20
"Emily Ferguson","23","Las Vegas, Nevada","Waitress","Week 7",20
"Lauren Himle","25","Dexter, Michigan","Kindergarten Teacher","Week 6",20
"Olivia Caridi","23","Bristol, Virginia","Former News Anchor","Week 6",20
"Leah Block","25","Greenwood Village, Colorado","Event Planner","Week 6",20
"Jennifer Saviano","25","Lauderdale Lakes, Florida","Small Business Owner","Week 5",20
"Jubilee Sharpe","24","Fort Lauderdale, Florida","War Veteran","Week 5",20
"Amber James","30","Kankakee, Illinois","Bartender","Week 4",20
"Rachel Tchen","23","Little Rock, Arkansas","Unemployed","Week 4",20
"Haley Ferguson","23","Las Vegas, Nevada","Waitress","Week 4",20
"Jami Letain","23","St. Albert, Alberta","Bartender","Week 3",20
"Shushanna Mkrtychyan","27","Salt Lake City, Utah","Mathematician","Week 3",20
"Lace Morris","25","Denver, Colorado","Real Estate Agent","Week 3",20
"Amanda ""Mandi"" Kremer","28","Portland, Oregon","Dentist","Week 2",20
"Jacqueline ""Jackie"" Dion","23","Newport Beach, California","Gerontologist","Week 2",20
"Samantha Passmore","26","New Smyrna Beach, Florida","Attorney","Week 2",20
"Lauren ""LB"" Barr","23","Stillwater, Oklahoma","Fashion Buyer","Week 2",20
"Breanne Rice","30","Seattle, Washington","Nutritional Therapist","Week 1",20
"Isabel ""Izzy"" Goodkind","24","Branford, Connecticut","Graphic Designer","Week 1",20
"Jessica Moser","23","Boca Raton, Florida","Accountant","Week 1",20
"Laura Esselman","24","Louisville, Kentucky","Account Executive","Week 1",20
"Lauren Russell","26","Houston, Texas","Math Teacher","Week 1",20
"Maegan Miller","30","Visalia, California","Cowgirl","Week 1",20
"Tiara Soleim","27","Redmond, Washington","Chicken Enthusiast","Week 1",20
"Alexis Waters","23","Secaucus, New Jersey","Aspiring Dolphin Trainer","Participating",21
"Angela Amezcua","26","Greenville, South Carolina","Model","Participating",21
"Astrid","26","Tampa, Florida","Plastic Surgery Office Manager","Participating",21
"Briana Guertler","28","Salt Lake City, Utah","Surgical Unit Nurse","Participating",21
"Brittany Farrar","26","Santa Monica, California","Travel Nurse","Participating",21
"Christen Whitney","25","Martinsville, Indiana","Wedding Videographer","Participating",21
"Corinne Olympios","24","Fort Lauderdale, Florida","Business Owner","Participating",21
"Danielle Lombard","27","Danville, California","Small Business Owner","Participating",21
"Danielle Maltby","31","Colgate, Wisconsin","Neonatal Nurse","Participating",21
"Dominique Alexis","25","Los Angeles, California","Restaurant Server","Participating",21
"Elizabeth ""Liz"" Sandoz","29","Scottsbluff, Nebraska","Doula","Participating",21
"Elizabeth Whitelaw","24","New Trier, Illinois","Marketing Manager","Participating",21
"Hailey","23","Vancouver, British Columbia","Photographer","Participating",21
"Ida Marie","23","Harlingen, Texas","Sales Manager","Participating",21
"Jaimi King","28","New Orleans, Louisiana","Chef","Participating",21
"Jasmine Brown","25","Tacoma, Washington","Flight Attendant","Participating",21
"Jasmine Goode","29","Maplewood, New Jersey","Pro Basketball Dancer","Participating",21
"Josephine Tutman","24","Santa Cruz, California","Unemployed Nurse","Participating",21
"Kristina","24","Lexington, Kentucky","Dental Hygienist","Participating",21
"Lacey","25","Towaco, New Jersey","Digital Marketing Manager","Participating",21
"Lauren Hussey","30","Naples, Florida","Law School Graduate","Participating",21
"Michelle Ramkissoon","24","Los Angeles, California","Food Truck Owner","Participating",21
"Olivia","25","Ketchikan, Alaska","Apparel Sales Representative","Participating",21
"Rachel Lindsay","31","Dallas, Texas","Attorney","Participating",21
"Raven Gates","25","Hoxie, Arkansas","Fashion Boutique Owner","Participating",21
"Sarah Vendal","26","Palmdale, California","Grade School Teacher","Participating",21
"Susannah Milan","26","San Diego, California","Account Manager","Participating",21
"Taylor","23","Seattle, Washington","Mental Health Counselor","Participating",21
"Vanessa Grimaldi","29","Montreal, Quebec","Special Education Teacher","Participating",21
"Whitney","25","Chanhassen, Minnesota","Pilates Instructor","Participating",21
