"name","age","hometown","occupation","eliminated","season","lon","lat","region","region.1","region.2","region.3","region.4","region.5","region.6","region.7","manager","teacher","nurse","student","sales","attorney","model","real_estate","owner","bachelor","winner","lon_bach","lat_bach","age_bach","distance","age_diff","win","p","finish","top4"
"Helene Eksterowicz",27,"Gloucester, New Jersey","school psychologist","Winner",2,-75.0494329,39.7933809,"1",1,0,0,0,0,0,0,0,0,0,0,0,0,0,0,0,"Aaron Buerge","Helene Eksterowicz",-94.3305059,38.2586347,28.4271047227926,1039.48232809335,-1.42710472279261,1,1,1,1
"Brooke Smith",22,"Albertville, Alabama","college student","Runner-Up",2,-86.2088669,34.2675937,"3",0,0,1,0,0,0,0,0,0,0,1,0,0,0,0,0,"Aaron Buerge","Helene Eksterowicz",-94.3305059,38.2586347,28.4271047227926,530.146288721252,-6.42710472279261,0,1,2,1
"Gwen Gioia",31,"Philadelphia, Pennsylvania","executive recruiter","Week 6",2,-75.1652215,39.9525839,"1",1,0,0,0,0,0,0,0,0,0,0,0,0,0,0,0,"Aaron Buerge","Helene Eksterowicz",-94.3305059,38.2586347,28.4271047227926,1033.34006270253,2.57289527720739,0,1,3,1
"Angela",27,"Kansas City, Missouri","registered nurse","Week 5",2,-94.5785667,39.0997265,"5",0,0,0,0,1,0,0,0,0,1,0,0,0,0,0,0,"Aaron Buerge","Helene Eksterowicz",-94.3305059,38.2586347,28.4271047227926,59.7010941404064,-1.42710472279261,0,1,4,1
"Hayley",28,"Lake Oswego, Oregon","retail manager","Week 4",2,-122.6706498,45.4206749,"7",0,0,0,0,0,0,1,1,0,0,0,0,0,0,0,0,"Aaron Buerge","Helene Eksterowicz",-94.3305059,38.2586347,28.4271047227926,1532.7657866842,-0.427104722792606,0,1,5,0
"Heather Crawford",30,"Dallas, Texas","flight attendant","Week 4",2,-96.7969879,32.7766642,"5",0,0,0,0,1,0,0,0,0,0,0,0,0,0,0,0,"Aaron Buerge","Helene Eksterowicz",-94.3305059,38.2586347,28.4271047227926,403.772687718357,1.57289527720739,0,1,6,0
"Christi",23,"Boise, Idaho","assistant financial advisor","Week 3",2,-116.2146068,43.6187102,"7",0,0,0,0,0,0,1,0,0,0,0,0,0,0,0,0,"Aaron Buerge","Helene Eksterowicz",-94.3305059,38.2586347,28.4271047227926,1197.94708046957,-5.42710472279261,0,1,7,0
"Heather",24,"Walnut Creek, California","marriage therapy trainee","Week 3",2,-122.0651819,37.9100783,"7",0,0,0,0,0,0,1,0,0,0,0,0,0,0,0,0,"Aaron Buerge","Helene Eksterowicz",-94.3305059,38.2586347,28.4271047227926,1504.50642355935,-4.42710472279261,0,1,8,0
"Kyla",22,"Midvale, Utah","airline supervisor","Week 3",2,-111.8999353,40.6110589,"2",0,1,0,0,0,0,0,0,0,0,0,0,0,0,0,0,"Aaron Buerge","Helene Eksterowicz",-94.3305059,38.2586347,28.4271047227926,950.961850978432,-6.42710472279261,0,1,9,0
"Shannon",26,"Long Island, New York","graphic artist","Week 3",2,-73.134961,40.789142,"1",1,0,0,0,0,0,0,0,0,0,0,0,0,0,0,0,"Aaron Buerge","Helene Eksterowicz",-94.3305059,38.2586347,28.4271047227926,1141.48976008748,-2.42710472279261,0,1,10,0
"Dana",24,"Beverly Hills, California","radio sales","Week 2",2,-118.4003563,34.0736204,"2",0,1,0,0,0,0,0,0,0,0,0,1,0,0,0,0,"Aaron Buerge","Helene Eksterowicz",-94.3305059,38.2586347,28.4271047227926,1370.77046505198,-4.42710472279261,0,1,11,0
"Erin",25,"Westchester, Pennsylvania","publications quality control","Week 2",2,-75.6054882,39.9606643,"1",1,0,0,0,0,0,0,0,0,0,0,0,0,0,0,0,"Aaron Buerge","Helene Eksterowicz",-94.3305059,38.2586347,28.4271047227926,1010.00247830973,-3.42710472279261,0,1,12,0
"Suzanne",33,"Redondo Beach, California","flight attendant","Week 2",2,-118.3884078,33.8491816,"2",0,1,0,0,0,0,0,0,0,0,0,0,0,0,0,0,"Aaron Buerge","Helene Eksterowicz",-94.3305059,38.2586347,28.4271047227926,1375.29291620256,4.57289527720739,0,1,13,0
"Frances",30,"San Francisco, California","strategic planning analyst","Week 2 (Quit)",2,-122.4194155,37.7749295,"7",0,0,0,0,0,0,1,0,0,0,0,0,0,0,0,0,"Aaron Buerge","Helene Eksterowicz",-94.3305059,38.2586347,28.4271047227926,1525.16195853914,1.57289527720739,0,1,14,0
"Anindita",27,"New York City, New York","attorney","Week 2 (Quit)",2,-74.0059413,40.7127837,"1",1,0,0,0,0,0,0,0,0,0,0,0,1,0,0,0,"Aaron Buerge","Helene Eksterowicz",-94.3305059,38.2586347,28.4271047227926,1095.68697261694,-1.42710472279261,0,1,15,0
"Amber",26,"Chapel Hill, North Carolina","psychologist","Week 1",2,-79.0558445,35.9131996,"1",1,0,0,0,0,0,0,0,0,0,0,0,0,0,0,0,"Aaron Buerge","Helene Eksterowicz",-94.3305059,38.2586347,28.4271047227926,857.273325430291,-2.42710472279261,0,1,16,0
"Camille",29,"Los Angeles, California","actress","Week 1",2,-118.2436849,34.0522342,"2",0,1,0,0,0,0,0,0,0,0,0,0,0,0,0,0,"Aaron Buerge","Helene Eksterowicz",-94.3305059,38.2586347,28.4271047227926,1362.77836204812,0.572895277207394,0,1,17,0
"Cari",29,"Granite City, Illinois","3rd grade teacher","Week 1",2,-90.1487199,38.7014389,"3",0,0,1,0,0,0,0,0,1,0,0,0,0,0,0,0,"Aaron Buerge","Helene Eksterowicz",-94.3305059,38.2586347,28.4271047227926,228.479537073867,0.572895277207394,0,1,18,0
"Christy",24,"Avondale, Arizona","radiological technologist","Week 1",2,-112.3496021,33.4355977,"2",0,1,0,0,0,0,0,0,0,0,0,0,0,0,0,0,"Aaron Buerge","Helene Eksterowicz",-94.3305059,38.2586347,28.4271047227926,1061.87116071191,-4.42710472279261,0,1,19,0
"Erin",24,"Houston, Texas","interior designer","Week 1",2,-95.3698028,29.7604267,"5",0,0,0,0,1,0,0,0,0,0,0,0,0,0,0,0,"Aaron Buerge","Helene Eksterowicz",-94.3305059,38.2586347,28.4271047227926,590.828490818392,-4.42710472279261,0,1,20,0
"Fatima",22,"Long Beach, California","college student","Week 1",2,-118.1937395,33.7700504,"2",0,1,0,0,0,0,0,0,0,0,1,0,0,0,0,0,"Aaron Buerge","Helene Eksterowicz",-94.3305059,38.2586347,28.4271047227926,1366.63061846747,-6.42710472279261,0,1,21,0
"Liangy",30,"Coral Gables, Florida","paralegal","Week 1",2,-80.2683838,25.72149,"4",0,0,0,1,0,0,0,0,0,0,0,0,0,0,0,0,"Aaron Buerge","Helene Eksterowicz",-94.3305059,38.2586347,28.4271047227926,1194.05024479523,1.57289527720739,0,1,22,0
"Lori",26,"Dallas, Texas","former nba cheerleader","Week 1",2,-96.7969879,32.7766642,"5",0,0,0,0,1,0,0,0,0,0,0,0,0,0,0,0,"Aaron Buerge","Helene Eksterowicz",-94.3305059,38.2586347,28.4271047227926,403.772687718357,-2.42710472279261,0,1,23,0
"Merrilee",28,"Forked River, New Jersey","1st grade teacher","Week 1",2,-74.1901399,39.8398413,"1",1,0,0,0,0,0,0,0,1,0,0,0,0,0,0,0,"Aaron Buerge","Helene Eksterowicz",-94.3305059,38.2586347,28.4271047227926,1085.10727215934,-0.427104722792606,0,1,24,0
"Suzi",28,"Richmond, Virginia","communications specialist","Week 1",2,-77.4360481,37.5407246,"1",1,0,0,0,0,0,0,0,0,0,0,0,0,0,0,0,"Aaron Buerge","Helene Eksterowicz",-94.3305059,38.2586347,28.4271047227926,922.18554397071,-0.427104722792606,0,1,25,0
"Amanda Marsh",23,"Chanute, Kansas","event planner","Winner",1,-95.4572034,37.6792135,"5",0,0,0,0,1,0,0,0,0,0,0,0,0,0,0,0,"Alex Michel","Amanda Marsh",-78.4766781,38.0293059,31.6221765913758,926.428755316364,-8.62217659137577,1,1,1,1
"Trista Rehn",29,"Miami, Florida","miami heat dancer","Runner-Up",1,-80.1917902,25.7616798,"4",0,0,0,1,0,0,0,0,0,0,0,0,0,0,0,0,"Alex Michel","Amanda Marsh",-78.4766781,38.0293059,31.6221765913758,854.470391122362,-2.62217659137577,0,1,2,1
"Shannon Oliver",24,"Dallas, Texas","financial management consultant","Week 5",1,-96.7969879,32.7766642,"5",0,0,0,0,1,0,0,0,0,0,0,0,0,0,0,0,"Alex Michel","Amanda Marsh",-78.4766781,38.0293059,31.6221765913758,1092.69287296579,-7.62217659137577,0,1,3,1
"Kim",24,"Tempe, Arizona","nanny","Week 4",1,-111.9400054,33.4255104,"2",0,1,0,0,0,0,0,0,0,0,0,0,0,0,0,0,"Alex Michel","Amanda Marsh",-78.4766781,38.0293059,31.6221765913758,1895.41437611241,-7.62217659137577,0,1,4,1
"Cathy Grimes",22,"Terra Haute, Indiana","graduate student","Week 3",1,-87.4139092,39.4667034,"3",0,0,1,0,0,0,0,0,0,0,1,0,0,0,0,0,"Alex Michel","Amanda Marsh",-78.4766781,38.0293059,31.6221765913758,492.056153877347,-9.62217659137577,0,1,5,0
"Christina",28,"Bonita, California","attorney","Week 3",1,-117.0352904,32.6583258,"2",0,1,0,0,0,0,0,0,0,0,0,0,1,0,0,0,"Alex Michel","Amanda Marsh",-78.4766781,38.0293059,31.6221765913758,2191.13755993362,-3.62217659137577,0,1,6,0
"LaNease Adams",23,"Los Angeles, California","actress","Week 3",1,-118.2436849,34.0522342,"2",0,1,0,0,0,0,0,0,0,0,0,0,0,0,0,0,"Alex Michel","Amanda Marsh",-78.4766781,38.0293059,31.6221765913758,2224.21712196132,-8.62217659137577,0,1,7,0
"Rhonda",28,"Woodward, Oklahoma","commercial real estate agent","Week 3",1,-99.3903862,36.4336481,"5",0,0,0,0,1,0,0,0,0,0,0,0,0,0,1,0,"Alex Michel","Amanda Marsh",-78.4766781,38.0293059,31.6221765913758,1154.62175848162,-3.62217659137577,0,1,8,0
"Alexa",27,"Beverly Hills, California","special ed. teacher","Week 2",1,-118.4003563,34.0736204,"2",0,1,0,0,0,0,0,0,1,0,0,0,0,0,0,0,"Alex Michel","Amanda Marsh",-78.4766781,38.0293059,31.6221765913758,2232.24053603877,-4.62217659137577,0,1,9,0
"Amy",28,"New York City, New York","production coordinator","Week 2",1,-74.0059413,40.7127837,"1",1,0,0,0,0,0,0,0,0,0,0,0,0,0,0,0,"Alex Michel","Amanda Marsh",-78.4766781,38.0293059,31.6221765913758,302.592421016461,-3.62217659137577,0,1,10,0
"Angela",25,"Avondale, Arizona","hooters waitress","Week 2",1,-112.3496021,33.4355977,"2",0,1,0,0,0,0,0,0,0,0,0,0,0,0,0,0,"Alex Michel","Amanda Marsh",-78.4766781,38.0293059,31.6221765913758,1917.49889471977,-6.62217659137577,0,1,11,0
"Angelique",27,"Burbank, California","actress","Week 2",1,-118.3089661,34.1808392,"2",0,1,0,0,0,0,0,0,0,0,0,0,0,0,0,0,"Alex Michel","Amanda Marsh",-78.4766781,38.0293059,31.6221765913758,2224.90707525541,-4.62217659137577,0,1,12,0
"Katie",23,"Malden, Massachusetts","power tool sales rep.","Week 2",1,-71.066163,42.4250964,"1",1,0,0,0,0,0,0,0,0,0,0,1,0,0,0,0,"Alex Michel","Amanda Marsh",-78.4766781,38.0293059,31.6221765913758,495.266495987507,-8.62217659137577,0,1,13,0
"Melissa",25,"Tempe, Arizona","photographer","Week 2",1,-111.9400054,33.4255104,"2",0,1,0,0,0,0,0,0,0,0,0,0,0,0,0,0,"Alex Michel","Amanda Marsh",-78.4766781,38.0293059,31.6221765913758,1895.41437611241,-6.62217659137577,0,1,14,0
"Tina",27,"Plano, Texas","graduate student","Week 2",1,-96.6988856,33.0198431,"5",0,0,0,0,1,0,0,0,0,0,1,0,0,0,0,0,"Alex Michel","Amanda Marsh",-78.4766781,38.0293059,31.6221765913758,1080.60012517488,-4.62217659137577,0,1,15,0
"Amber",29,"Los Angeles, California","business development director","Week 1",1,-118.2436849,34.0522342,"2",0,1,0,0,0,0,0,0,0,0,0,0,0,0,0,0,"Alex Michel","Amanda Marsh",-78.4766781,38.0293059,31.6221765913758,2224.21712196132,-2.62217659137577,0,1,16,0
"Daniela",30,"Seattle, Washington","neuropsychologist","Week 1",1,-122.3320708,47.6062095,"7",0,0,0,0,0,0,1,0,0,0,0,0,0,0,0,0,"Alex Michel","Amanda Marsh",-78.4766781,38.0293059,31.6221765913758,2287.95411047646,-1.62217659137577,0,1,17,0
"Denise",30,"Honolulu, Hawaii","doctor","Week 1",1,-157.8583333,21.3069444,"7",0,0,0,0,0,0,1,0,0,0,0,0,0,0,0,0,"Alex Michel","Amanda Marsh",-78.4766781,38.0293059,31.6221765913758,4769.7677392874,-1.62217659137577,0,1,18,0
"Jackie",22,"Pittsburgh, Pennsylvania","bar manager","Week 1",1,-79.9958864,40.4406248,"1",1,0,0,0,0,0,0,1,0,0,0,0,0,0,0,0,"Alex Michel","Amanda Marsh",-78.4766781,38.0293059,31.6221765913758,185.585315124409,-9.62217659137577,0,1,19,0
"Jill",31,"Chicago, Illinois","retail manager","Week 1",1,-87.6297982,41.8781136,"3",0,0,1,0,0,0,0,1,0,0,0,0,0,0,0,0,"Alex Michel","Amanda Marsh",-78.4766781,38.0293059,31.6221765913758,553.121259066788,-0.622176591375769,0,1,20,0
"Kristina",27,"Los Angeles, California","advertising executive","Week 1",1,-118.2436849,34.0522342,"2",0,1,0,0,0,0,0,0,0,0,0,0,0,0,0,0,"Alex Michel","Amanda Marsh",-78.4766781,38.0293059,31.6221765913758,2224.21712196132,-4.62217659137577,0,1,21,0
"Lisa",29,"Dallas, Texas","attorney","Week 1",1,-96.7969879,32.7766642,"5",0,0,0,0,1,0,0,0,0,0,0,0,1,0,0,0,"Alex Michel","Amanda Marsh",-78.4766781,38.0293059,31.6221765913758,1092.69287296579,-2.62217659137577,0,1,22,0
"Paula",24,"Swansea, Massachusetts","insurance representative","Week 1",1,-71.1895617,41.748162,"1",1,0,0,0,0,0,0,0,0,0,0,0,0,0,0,0,"Alex Michel","Amanda Marsh",-78.4766781,38.0293059,31.6221765913758,464.2271738261,-7.62217659137577,0,1,23,0
"Rachel",29,"Eastchester, New York","6th grade teacher","Week 1",1,-73.8095574,40.9595605,"1",1,0,0,0,0,0,0,0,1,0,0,0,0,0,0,0,"Alex Michel","Amanda Marsh",-78.4766781,38.0293059,31.6221765913758,321.075829596583,-2.62217659137577,0,1,24,0
"Wendi",26,"Dallas, Texas","technology specialist","Week 1",1,-96.7969879,32.7766642,"5",0,0,0,0,1,0,0,0,0,0,0,0,0,0,0,0,"Alex Michel","Amanda Marsh",-78.4766781,38.0293059,31.6221765913758,1092.69287296579,-5.62217659137577,0,1,25,0
"Jessica Bowlin",22,"Huntington Beach, California","student","Winner",5,-117.9992265,33.660297,"2",0,1,0,0,0,0,0,0,0,0,1,0,0,0,0,0,"Jesse Palmer","Jessica Bowlin",-79.3831843,43.653226,25.5058179329227,2175.00799318189,-3.50581793292266,1,1,1,1
"Tara Huckeby",23,"Shawnee, Oklahoma","general contractor","Week 7",5,-96.9253004,35.3272928,"5",0,0,0,0,1,0,0,0,0,0,0,0,0,0,0,0,"Jesse Palmer","Jessica Bowlin",-79.3831843,43.653226,25.5058179329227,1095.94152750922,-2.50581793292266,0,1,2,1
"Mandy Jaye Jeffreys",26,"Midland, Texas","designer for an architect firm","Week 6",5,-102.0779146,31.9973456,"5",0,0,0,0,1,0,0,0,0,0,0,0,0,0,0,0,"Jesse Palmer","Jessica Bowlin",-79.3831843,43.653226,25.5058179329227,1471.39608211979,0.494182067077343,0,1,3,1
"Trish Schneider",28,"Atlanta, Georgia","model","Week 5",5,-84.3879824,33.7489954,"3",0,0,1,0,0,0,0,0,0,0,0,0,0,1,0,0,"Jesse Palmer","Jessica Bowlin",-79.3831843,43.653226,25.5058179329227,736.05829738116,2.49418206707734,0,1,4,1
"Suzie Williams",23,"Ann Arbor, Michigan","prosthetic technician","Week 4",5,-83.7430378,42.2808256,"3",0,0,1,0,0,0,0,0,0,0,0,0,0,0,0,0,"Jesse Palmer","Jessica Bowlin",-79.3831843,43.653226,25.5058179329227,240.188387174698,-2.50581793292266,0,1,5,0
"Karen Lindsay",28,"Pleasant Grove, Utah","pharmaceutical sales","Week 4",5,-111.73854,40.3641184,"2",0,1,0,0,0,0,0,0,0,0,0,1,0,0,0,0,"Jesse Palmer","Jessica Bowlin",-79.3831843,43.653226,25.5058179329227,1667.71609023819,2.49418206707734,0,1,6,0
"Jessica Holcomb",25,"Pearsall, Texas","attorney","Week 3",5,-99.095033,28.8921939,"5",0,0,0,0,1,0,0,0,0,0,0,0,1,0,0,0,"Jesse Palmer","Jessica Bowlin",-79.3831843,43.653226,25.5058179329227,1493.02093945309,-0.505817932922657,0,1,7,0
"Julie Durda",24,"Sacramento, California","professional cheerleader","Week 3",5,-121.4943996,38.5815719,"7",0,0,0,0,0,0,1,0,0,0,0,0,0,0,0,0,"Jesse Palmer","Jessica Bowlin",-79.3831843,43.653226,25.5058179329227,2198.28268011281,-1.50581793292266,0,1,8,0
"Jenny De Schiralli",26,"Carrboro, North Carolina","swim instructor/nanny/personal trainer","Week 3",5,-79.0752895,35.9101438,"1",1,0,0,0,0,0,0,0,0,0,0,0,0,0,0,0,"Jesse Palmer","Jessica Bowlin",-79.3831843,43.653226,25.5058179329227,535.844775225934,0.494182067077343,0,1,9,0
"Katie Gehart",22,"Scottsdale, Arizona","lasik eye and skin center manager","Week 3",5,-111.9260519,33.4941704,"2",0,1,0,0,0,0,0,1,0,0,0,0,0,0,0,0,"Jesse Palmer","Jessica Bowlin",-79.3831843,43.653226,25.5058179329227,1879.99192243934,-3.50581793292266,0,1,10,0
"Jean-Marie Callahan",26,"Gibson, North Carolina","hair stylist","Week 2",5,-79.6106104,34.7590477,"1",1,0,0,0,0,0,0,0,0,0,0,0,0,0,0,0,"Jesse Palmer","Jessica Bowlin",-79.3831843,43.653226,25.5058179329227,615.338311267175,0.494182067077343,0,1,11,0
"Debbie Merkett",27,"Pinetops, North Carolina","massage therapist/bartender","Week 2",5,-77.6377521,35.7884908,"1",1,0,0,0,0,0,0,0,0,0,0,0,0,0,0,0,"Jesse Palmer","Jessica Bowlin",-79.3831843,43.653226,25.5058179329227,551.841952711287,1.49418206707734,0,1,12,0
"Anne-Catherine Labb√©",27,"Quebec City, Quebec","model/make-up artist","Week 2",5,-71.2079809,46.8138783,"1",1,0,0,0,0,0,0,0,0,0,0,0,0,1,0,0,"Jesse Palmer","Jessica Bowlin",-79.3831843,43.653226,25.5058179329227,453.962801570721,1.49418206707734,0,1,13,0
"Amber LaRoux",27,"Sunriver, Oregon","consultant","Week 2",5,-121.4333539,43.8693935,"7",0,0,0,0,0,0,1,0,0,0,0,0,0,0,0,0,"Jesse Palmer","Jessica Bowlin",-79.3831843,43.653226,25.5058179329227,2077.63214446869,1.49418206707734,0,1,14,0
"Mandy Clemens",25,"San Diego, California","professional soccer player","Week 2",5,-117.1610838,32.715738,"2",0,1,0,0,0,0,0,0,0,0,0,0,0,0,0,0,"Jesse Palmer","Jessica Bowlin",-79.3831843,43.653226,25.5058179329227,2166.75464575325,-0.505817932922657,0,1,15,0
"Kristy Romero",25,"Dearborn, Michigan","student","Week 2",5,-83.1763145,42.3222599,"3",0,0,1,0,0,0,0,0,0,0,1,0,0,0,0,0,"Jesse Palmer","Jessica Bowlin",-79.3831843,43.653226,25.5058179329227,212.836564964663,-0.505817932922657,0,1,16,0
"Celeste Creel",24,"Ithaca, New York","model/executive assistant","Week 2",5,-76.5018807,42.4439614,"1",1,0,0,0,0,0,0,0,0,0,0,0,0,1,0,0,"Jesse Palmer","Jessica Bowlin",-79.3831843,43.653226,25.5058179329227,167.941139794259,-1.50581793292266,0,1,17,0
"Jenny Matthews",24,"Canton, Michigan","retail manager","Week 2",5,-83.482116,42.3086444,"3",0,0,1,0,0,0,0,1,0,0,0,0,0,0,0,0,"Jesse Palmer","Jessica Bowlin",-79.3831843,43.653226,25.5058179329227,227.285334845064,-1.50581793292266,0,1,18,0
"Dolores Farburg",26,"Madison, New Jersey","account manager","Week 1",5,-74.417097,40.7598227,"1",1,0,0,0,0,0,0,1,0,0,0,0,0,0,0,0,"Jesse Palmer","Jessica Bowlin",-79.3831843,43.653226,25.5058179329227,323.624431132918,0.494182067077343,0,1,19,0
"Francine Jones",25,"Houston, Texas","retail manager","Week 1",5,-95.3698028,29.7604267,"5",0,0,0,0,1,0,0,1,0,0,0,0,0,0,0,0,"Jesse Palmer","Jessica Bowlin",-79.3831843,43.653226,25.5058179329227,1302.79452794004,-0.505817932922657,0,1,20,0
"DeShaun Warner",25,"Phillipsburg, New Jersey","account manager/sales","Week 1",5,-75.1901761,40.6937099,"1",1,0,0,0,0,0,0,1,0,0,0,1,0,0,0,0,"Jesse Palmer","Jessica Bowlin",-79.3831843,43.653226,25.5058179329227,296.757959560191,-0.505817932922657,0,1,21,0
"Jessica Kyron",21,"Cincinnati, Ohio","student","Week 1",5,-84.5120196,39.1031182,"3",0,0,1,0,0,0,0,0,0,0,1,0,0,0,0,0,"Jesse Palmer","Jessica Bowlin",-79.3831843,43.653226,25.5058179329227,412.040886599451,-4.50581793292266,0,1,22,0
"Holly Reeder",26,"Tulsa, Oklahoma","bank representative","Week 1",5,-95.992775,36.1539816,"5",0,0,0,0,1,0,0,0,0,0,0,0,0,0,0,0,"Jesse Palmer","Jessica Bowlin",-79.3831843,43.653226,25.5058179329227,1019.88788084129,0.494182067077343,0,1,23,0
"Rachel Clementi",26,"Buffalo, New York","fashion public relations manager","Week 1",5,-78.8783689,42.8864468,"1",1,0,0,0,0,0,0,1,0,0,0,0,0,0,0,0,"Jesse Palmer","Jessica Bowlin",-79.3831843,43.653226,25.5058179329227,58.8177401854311,0.494182067077343,0,1,24,0
"Kristin Clearwater",25,"Sausalito, California","singer","Week 1",5,-122.4852507,37.8590937,"7",0,0,0,0,0,0,1,0,0,0,0,0,0,0,0,0,"Jesse Palmer","Jessica Bowlin",-79.3831843,43.653226,25.5058179329227,2267.58172813628,-0.505817932922657,0,1,25,0
"Tessa Horst",26,"San Francisco, California","social worker","Winner",10,-122.4194155,37.7749295,"7",0,0,0,0,0,0,1,0,0,0,0,0,0,0,0,0,"Andrew Baldwin","Tessa Horst",-76.3055144,40.0378755,30.1519507186858,2459.27117400523,-4.15195071868583,1,1,1,1
"Bevin Nicole Powers",28,"Palo Alto, California","assistant","Week 8",10,-122.1430195,37.4418834,"7",0,0,0,0,0,0,1,0,0,0,0,0,0,0,0,0,"Andrew Baldwin","Tessa Horst",-76.3055144,40.0378755,30.1519507186858,2452.2490072241,-2.15195071868583,0,1,2,1
"Danielle Imwalle",25,"Bethel, Connecticut","graphic designer","Week 7",10,-73.4139621,41.3712283,"1",1,0,0,0,0,0,0,0,0,0,0,0,0,0,0,0,"Andrew Baldwin","Tessa Horst",-76.3055144,40.0378755,30.1519507186858,177.456937283454,-5.15195071868583,0,1,3,1
"Amber Alchalabi",23,"Sugar Land, Texas","teacher","Week 6",10,-95.6349463,29.6196787,"5",0,0,0,0,1,0,0,0,1,0,0,0,0,0,0,0,"Andrew Baldwin","Tessa Horst",-76.3055144,40.0378755,30.1519507186858,1308.41696222864,-7.15195071868583,0,1,4,1
"Stephanie Wilhite",23,"Overland Park, Kansas","project manager","Week 5",10,-94.6707917,38.9822282,"5",0,0,0,0,1,0,0,1,0,0,0,0,0,0,0,0,"Andrew Baldwin","Tessa Horst",-76.3055144,40.0378755,30.1519507186858,981.057049380903,-7.15195071868583,0,1,5,0
"Tina Wu",26,"Los Angeles, California","medical student","Week 5",10,-118.2436849,34.0522342,"2",0,1,0,0,0,0,0,0,0,0,1,0,0,0,0,0,"Andrew Baldwin","Tessa Horst",-76.3055144,40.0378755,30.1519507186858,2330.20868909147,-4.15195071868583,0,1,6,0
"Kate Brockhouse",24,"Ravenel, South Carolina","boutique owner","Week 4",10,-80.2500986,32.7632321,"4",0,0,0,1,0,0,0,0,0,0,0,0,0,0,0,1,"Andrew Baldwin","Tessa Horst",-76.3055144,40.0378755,30.1519507186858,548.868664970104,-6.15195071868583,0,1,7,0
"Nicole Clary",26,"Charleston, SC","sales manager","Week 4",10,-79.9310512,32.7764749,"4",0,0,0,1,0,0,0,1,0,0,0,1,0,0,0,0,"Andrew Baldwin","Tessa Horst",-76.3055144,40.0378755,30.1519507186858,541.175852565703,-4.15195071868583,0,1,8,0
"Stephanie Tipper",27,"Folly Beach, SC","organ donor coordinator","Week 4",10,-79.9403673,32.6551798,"4",0,0,0,1,0,0,0,0,0,0,0,0,0,0,0,0,"Andrew Baldwin","Tessa Horst",-76.3055144,40.0378755,30.1519507186858,549.2158595429,-3.15195071868583,0,1,9,0
"Amanda Hackney",26,"Dallas, TX","financial analyst","Week 3",10,-96.7969879,32.7766642,"5",0,0,0,0,1,0,0,0,0,0,0,0,0,0,0,0,"Andrew Baldwin","Tessa Horst",-76.3055144,40.0378755,30.1519507186858,1242.61522027706,-4.15195071868583,0,1,10,0
"Erin Parker",24,"Logansport, LA","financial analyst","Week 3",10,-93.9979678,31.975445,"5",0,0,0,0,1,0,0,0,0,0,0,0,0,0,0,0,"Andrew Baldwin","Tessa Horst",-76.3055144,40.0378755,30.1519507186858,1133.22884212898,-6.15195071868583,0,1,11,0
"Peyton Wright",24,"La Vergne, Tennessee","sorority recruiter","Week 3",10,-86.5819394,36.0156178,"3",0,0,1,0,0,0,0,0,0,0,0,0,0,0,0,0,"Andrew Baldwin","Tessa Horst",-76.3055144,40.0378755,30.1519507186858,624.702234266879,-6.15195071868583,0,1,12,0
"Alexis Young",26,"Southlake, TX","attorney","Week 2",10,-97.1341783,32.9412363,"5",0,0,0,0,1,0,0,0,0,0,0,0,1,0,0,0,"Andrew Baldwin","Tessa Horst",-76.3055144,40.0378755,30.1519507186858,1254.12451854954,-4.15195071868583,0,1,13,0
"Susan Anderson",23,"The Woodlands, TX","boutique manager","Week 2",10,-95.4612625,30.1658207,"5",0,0,0,0,1,0,0,1,0,0,0,0,0,0,0,0,"Andrew Baldwin","Tessa Horst",-76.3055144,40.0378755,30.1519507186858,1276.93444877217,-7.15195071868583,0,1,14,0
"Tiffany Warren",28,"Boston, MA","medical equipment sales rep","Week 2",10,-71.0588801,42.3600825,"1",1,0,0,0,0,0,0,0,0,0,0,1,0,0,0,0,"Andrew Baldwin","Tessa Horst",-76.3055144,40.0378755,30.1519507186858,316.718682374484,-2.15195071868583,0,1,15,0
"Blakeney Rowe",29,"Birmingham, AL","radio sales","Week 1",10,-86.80249,33.5206608,"3",0,0,1,0,0,0,0,0,0,0,0,1,0,0,0,0,"Andrew Baldwin","Tessa Horst",-76.3055144,40.0378755,30.1519507186858,734.924095443565,-1.15195071868583,0,1,16,0
"Candace DeCost",23,"Hilton Head Island, SC","waitress","Week 1",10,-80.752608,32.216316,"4",0,0,0,1,0,0,0,0,0,0,0,0,0,0,0,0,"Andrew Baldwin","Tessa Horst",-76.3055144,40.0378755,30.1519507186858,595.129632654014,-7.15195071868583,0,1,17,0
"Catherine Warren",23,"Lake Forest, IL","former miss illinois","Week 1",10,-87.840625,42.2586342,"3",0,0,1,0,0,0,0,0,0,0,0,0,0,0,0,0,"Andrew Baldwin","Tessa Horst",-76.3055144,40.0378755,30.1519507186858,619.601294169053,-7.15195071868583,0,1,18,0
"Danielle Vallis",26,"Bronx, NY","attorney","Week 1",10,-73.8648268,40.8447819,"1",1,0,0,0,0,0,0,0,0,0,0,0,1,0,0,0,"Andrew Baldwin","Tessa Horst",-76.3055144,40.0378755,30.1519507186858,140.07978502591,-4.15195071868583,0,1,19,0
"Jackie Topelli",23,"Minneapolis, MN","executive coordinator","Week 1",10,-93.2650108,44.977753,"3",0,0,1,0,0,0,0,0,0,0,0,0,0,0,0,0,"Andrew Baldwin","Tessa Horst",-76.3055144,40.0378755,30.1519507186858,927.627580031904,-7.15195071868583,0,1,20,0
"Jeanette Alvarez",27,"Tampa, FL","health care manager","Week 1",10,-82.4571776,27.950575,"4",0,0,0,1,0,0,0,1,0,0,0,0,0,0,0,0,"Andrew Baldwin","Tessa Horst",-76.3055144,40.0378755,30.1519507186858,906.849847417531,-3.15195071868583,0,1,21,0
"Jessica Devallo",32,"New York, NY","hedge fund analyst","Week 1",10,-74.0059413,40.7127837,"1",1,0,0,0,0,0,0,0,0,0,0,0,0,0,0,0,"Andrew Baldwin","Tessa Horst",-76.3055144,40.0378755,30.1519507186858,129.85369350074,1.84804928131417,0,1,22,0
"Linda Malek",33,"Cuyahoga Falls, OH","attorney","Week 1",10,-81.4845585,41.1339449,"3",0,0,1,0,0,0,0,0,0,0,0,0,1,0,0,0,"Andrew Baldwin","Tessa Horst",-76.3055144,40.0378755,30.1519507186858,282.374001998343,2.84804928131417,0,1,23,0
"Lindsay Smith",22,"Lawrence, KS","student","Week 1",10,-95.2352501,38.9716689,"5",0,0,0,0,1,0,0,0,0,0,1,0,0,0,0,0,"Andrew Baldwin","Tessa Horst",-76.3055144,40.0378755,30.1519507186858,1011.06409986018,-8.15195071868583,0,1,24,0
"Tiffany Forester",27,"St. Louis Park, MN","real estate sales/development","Week 1",10,-93.3702186,44.9597376,"3",0,0,1,0,0,0,0,0,0,0,0,1,0,0,1,0,"Andrew Baldwin","Tessa Horst",-76.3055144,40.0378755,30.1519507186858,932.254272072793,-3.15195071868583,0,1,25,0
"Deanna Pappas",25,"Newnan, Georgia","realtor","Week 8",11,-84.7996573,33.3806716,"3",0,0,1,0,0,0,0,0,0,0,0,0,0,0,0,0,"Brad Womack","None",-84.3879824,33.7489954,34.8692676249144,34.8152071381692,-9.86926762491444,0,1,1,1
"Jenni Croft",27,"Wichita, Kansas","phoenix suns cheerleader","Week 8",11,-97.330053,37.6871761,"5",0,0,0,0,1,0,0,0,0,0,0,0,0,0,0,0,"Brad Womack","None",-84.3879824,33.7489954,34.8692676249144,775.358303092392,-7.86926762491444,0,1,2,1
"Bettina Bell",27,"Washington, D.C.","realtor","Week 7",11,-77.0368707,38.9071923,"1",1,0,0,0,0,0,0,0,0,0,0,0,0,0,0,0,"Brad Womack","None",-84.3879824,33.7489954,34.8692676249144,542.901139642517,-7.86926762491444,0,1,3,1
"Sheena Stewart",23,"Walnut Creek, California","internet marketing executive","Week 6",11,-122.0651819,37.9100783,"7",0,0,0,0,0,0,1,0,0,0,0,0,0,0,0,0,"Brad Womack","None",-84.3879824,33.7489954,34.8692676249144,2118.02575566934,-11.8692676249144,0,1,4,1
"Hillary Reisinger",27,"Philadelphia, Pennsylvania","registered nurse","Week 5",11,-75.1652215,39.9525839,"1",1,0,0,0,0,0,0,0,0,1,0,0,0,0,0,0,"Brad Womack","None",-84.3879824,33.7489954,34.8692676249144,666.214312069276,-7.86926762491444,0,1,5,0
"Kristy Katzmann",29,"Gurnee, Illinois","acupuncturist","Week 5",11,-87.9020186,42.3702996,"3",0,0,1,0,0,0,0,0,0,0,0,0,0,0,0,0,"Brad Womack","None",-84.3879824,33.7489954,34.8692676249144,626.141200215297,-5.86926762491444,0,1,6,0
"Estefania ""Stephy"" Kootz",26,"Atlanta, Georgia","executive assistant","Week 4",11,-84.3879824,33.7489954,"3",0,0,1,0,0,0,0,0,0,0,0,0,0,0,0,0,"Brad Womack","None",-84.3879824,33.7489954,34.8692676249144,0,-8.86926762491444,0,1,7,0
"Jade Beazley",24,"Nashville, Tennessee","boutique sales worker","Week 4",11,-86.7816016,36.1626638,"3",0,0,1,0,0,0,0,0,0,0,0,1,0,0,0,0,"Brad Womack","None",-84.3879824,33.7489954,34.8692676249144,215.129837250817,-10.8692676249144,0,1,8,0
"McCarten Delaney",26,"Lemon Grove, California","account manager","Week 4",11,-117.0314172,32.7425516,"2",0,1,0,0,0,0,0,1,0,0,0,0,0,0,0,0,"Brad Womack","None",-84.3879824,33.7489954,34.8692676249144,1881.79296649495,-8.86926762491444,0,1,9,0
"Lindsey Hawkins",25,"Livonia, Michigan","model","Week 3",11,-83.3527097,42.36837,"3",0,0,1,0,0,0,0,0,0,0,0,0,0,1,0,0,"Brad Womack","None",-84.3879824,33.7489954,34.8692676249144,598.855893968685,-9.86926762491444,0,1,10,0
"Sarah Newlon",23,"O'Fallon, Illinois","bar manager","Week 3",11,-89.910991,38.592323,"3",0,0,1,0,0,0,0,1,0,0,0,0,0,0,0,0,"Brad Womack","None",-84.3879824,33.7489954,34.8692676249144,455.163487482558,-11.8692676249144,0,1,11,0
"Solisa Shoop",25,"Georgetown, Texas","esthetician","Week 3",11,-97.6779842,30.6332618,"5",0,0,0,0,1,0,0,0,0,0,0,0,0,0,0,0,"Brad Womack","None",-84.3879824,33.7489954,34.8692676249144,806.58461455503,-9.86926762491444,0,1,12,0
"Michele Leavy",30,"South Brunswick, New Jersey","realtor","Week 2",11,-74.5316938,40.3806901,"1",1,0,0,0,0,0,0,0,0,0,0,0,0,0,0,0,"Brad Womack","None",-84.3879824,33.7489954,34.8692676249144,710.787847136143,-4.86926762491444,0,1,13,0
"Mallory Simons",24,"Honolulu, Hawaii","nanny","Week 2",11,-157.8583333,21.3069444,"7",0,0,0,0,0,0,1,0,0,0,0,0,0,0,0,0,"Brad Womack","None",-84.3879824,33.7489954,34.8692676249144,4497.65505104568,-10.8692676249144,0,1,14,0
"Erin Gardner",25,"Tampa, Florida","publishing sales executive","Week 2",11,-82.4571776,27.950575,"4",0,0,0,1,0,0,0,0,0,0,0,1,0,0,0,0,"Brad Womack","None",-84.3879824,33.7489954,34.8692676249144,417.120988203075,-9.86926762491444,0,1,15,0
"Jessica Kiss",27,"Lady Lake, Florida","news anchor","Week 1",11,-81.9228604,28.9174855,"4",0,0,0,1,0,0,0,0,0,0,0,0,0,0,0,0,"Brad Womack","None",-84.3879824,33.7489954,34.8692676249144,364.520201770211,-7.86926762491444,0,1,16,0
"Juli Gilliam",24,"Chicago, Illinois","law student","Week 1",11,-87.6297982,41.8781136,"3",0,0,1,0,0,0,0,0,0,0,1,0,0,0,0,0,"Brad Womack","None",-84.3879824,33.7489954,34.8692676249144,589.415792311327,-10.8692676249144,0,1,17,0
"Kim Orville",31,"Woodbridge, Connecticut","realtor","Week 1",11,-73.0084385,41.352597,"1",1,0,0,0,0,0,0,0,0,0,0,0,0,0,0,0,"Brad Womack","None",-84.3879824,33.7489954,34.8692676249144,814.859488987704,-3.86926762491444,0,1,18,0
"Lori Langley",33,"Annapolis, Maryland","biology teacher","Week 1",11,-76.4921829,38.9784453,"1",1,0,0,0,0,0,0,0,1,0,0,0,0,0,0,0,"Brad Womack","None",-84.3879824,33.7489954,34.8692676249144,569.046415628545,-1.86926762491444,0,1,19,0
"Melissa Buschel",28,"Westchester, New York","event planner","Week 1",11,-73.7948516,41.1220194,"1",1,0,0,0,0,0,0,0,0,0,0,0,0,0,0,0,"Brad Womack","None",-84.3879824,33.7489954,34.8692676249144,772.636342576104,-6.86926762491444,0,1,20,0
"Morgan Becker",24,"Tempe, Arizona","graduate student","Week 1",11,-111.9400054,33.4255104,"2",0,1,0,0,0,0,0,0,0,0,1,0,0,0,0,0,"Brad Womack","None",-84.3879824,33.7489954,34.8692676249144,1583.01437116644,-10.8692676249144,0,1,21,0
"Natalie Velasco",25,"Duncanville, Texas","law student","Week 1",11,-96.9083366,32.6518004,"5",0,0,0,0,1,0,0,0,0,0,1,0,0,0,0,0,"Brad Womack","None",-84.3879824,33.7489954,34.8692676249144,728.178315547323,-9.86926762491444,0,1,22,0
"Regina Doringa",31,"San Diego, California","account representative","Week 1",11,-117.1610838,32.715738,"2",0,1,0,0,0,0,0,0,0,0,0,0,0,0,0,0,"Brad Womack","None",-84.3879824,33.7489954,34.8692676249144,1889.5547847614,-3.86926762491444,0,1,23,0
"Tauni Nessler",31,"St. Louis Park, Minnesota","emergency room nurse","Week 1",11,-93.3702186,44.9597376,"3",0,0,1,0,0,0,0,0,0,1,0,0,0,0,0,0,"Brad Womack","None",-84.3879824,33.7489954,34.8692676249144,910.889623297506,-3.86926762491444,0,1,24,0
"Susan Stein",35,"St. Charles, Illinois","project analyst","Week 1",11,-88.3086867,41.9141945,"3",0,0,1,0,0,0,0,0,0,0,0,0,0,0,0,0,"Brad Womack","None",-84.3879824,33.7489954,34.8692676249144,603.8607113041,0.130732375085557,0,1,25,0
"Melissa Rycroft",25,"Dallas, Texas","sales representative","Winner",13,-96.7969879,32.7766642,"5",0,0,0,0,1,0,0,0,0,0,0,1,0,0,0,0,"Jason Mesnick","Melissa Rycroft",-81.6943605,41.49932,32.5037645448323,1025.8906284165,-7.50376454483231,1,1,1,1
"Molly Malaney",24,"Brookfield, Wisconsin","department store buyer","Runner-up",13,-88.1064787,43.0605671,"3",0,0,1,0,0,0,0,0,0,0,0,0,0,0,0,0,"Jason Mesnick","Melissa Rycroft",-81.6943605,41.49932,32.5037645448323,345.360323177504,-8.50376454483231,0,1,2,1
"Jillian Harris",29,"Peace River, Alberta","interior designer","Week 7",13,-117.2893839,56.2341823,"7",0,0,0,0,0,0,1,0,0,0,0,0,0,0,0,0,"Jason Mesnick","Melissa Rycroft",-81.6943605,41.49932,32.5037645448323,1882.17143295977,-3.50376454483231,0,1,3,1
"Naomi Rose Crespo",24,"Carlsbad, California","flight attendant","Week 6",13,-117.3505939,33.1580933,"2",0,1,0,0,0,0,0,0,0,0,0,0,0,0,0,0,"Jason Mesnick","Melissa Rycroft",-81.6943605,41.49932,32.5037645448323,2028.26959854216,-8.50376454483231,0,1,4,1
"Stephanie Hogan",34,"Huntsville, Alabama","single mother & medical marketing rep.","Week 5",13,-86.5861037,34.7303688,"3",0,0,1,0,0,0,0,0,0,0,0,0,0,0,0,0,"Jason Mesnick","Melissa Rycroft",-81.6943605,41.49932,32.5037645448323,538.373114473057,1.49623545516769,0,1,5,0
"Lauren Wanger",27,"Marlboro, New Jersey","teacher","Week 4",13,-74.2687291,40.3380949,"1",1,0,0,0,0,0,0,0,1,0,0,0,0,0,0,0,"Jason Mesnick","Melissa Rycroft",-81.6943605,41.49932,32.5037645448323,396.213874666213,-5.50376454483231,0,1,6,0
"Megan Parris",25,"Sewickley, Pennsylvania","single mother and lacrosse coach","Week 4",13,-80.1844243,40.5364846,"1",1,0,0,0,0,0,0,0,0,0,0,0,0,0,0,0,"Jason Mesnick","Melissa Rycroft",-81.6943605,41.49932,32.5037645448323,103.17411075454,-7.50376454483231,0,1,7,0
"Shannon Bair",29,"Marshall, Missouri","dental hygienist","Week 4",13,-93.1968704,39.1230777,"5",0,0,0,0,1,0,0,0,0,0,0,0,0,0,0,0,"Jason Mesnick","Melissa Rycroft",-81.6943605,41.49932,32.5037645448323,628.03343933476,-3.50376454483231,0,1,8,0
"Nicole ""Nikki"" Kaapke",29,"Blue Island, Illinois","administrative assistant","Week 4",13,-87.6800486,41.6572562,"3",0,0,1,0,0,0,0,0,0,0,0,0,0,0,0,0,"Jason Mesnick","Melissa Rycroft",-81.6943605,41.49932,32.5037645448323,309.849289811203,-3.50376454483231,0,1,9,0
"Erica DeSimone",25,"Monroe, Connecticut","account executive","Week 3",13,-73.2073358,41.3325962,"1",1,0,0,0,0,0,0,0,0,0,0,0,0,0,0,0,"Jason Mesnick","Melissa Rycroft",-81.6943605,41.49932,32.5037645448323,440.222624442356,-7.50376454483231,0,1,10,0
"Kari Fajen",27,"Lee's Summit, Missouri","account executive","Week 3",13,-94.3821724,38.9108408,"5",0,0,0,0,1,0,0,0,0,0,0,0,0,0,0,0,"Jason Mesnick","Melissa Rycroft",-81.6943605,41.49932,32.5037645448323,693.053884560797,-5.50376454483231,0,1,11,0
"Natalie Getz",27,"Morton, Illinois","human resources recruiter","Week 3",13,-89.4592609,40.6128161,"3",0,0,1,0,0,0,0,0,0,0,0,0,0,0,0,0,"Jason Mesnick","Melissa Rycroft",-81.6943605,41.49932,32.5037645448323,409.483689959872,-5.50376454483231,0,1,12,0
"Raquel Medeiros",27,"Recife, Pernambuco, Brazil","medical student","Week 2",13,-34.8769643,-8.0475622,"4",0,0,0,1,0,0,0,0,0,0,1,0,0,0,0,0,"Jason Mesnick","Melissa Rycroft",-81.6943605,41.49932,32.5037645448323,4530.55363346362,-5.50376454483231,0,1,13,0
"Sharon Staebell",32,"Batavia, New York","teacher","Week 2",13,-78.1875167,42.9981156,"1",1,0,0,0,0,0,0,0,1,0,0,0,0,0,0,0,"Jason Mesnick","Melissa Rycroft",-81.6943605,41.49932,32.5037645448323,207.313217481319,-0.503764544832308,0,1,14,0
"Lisa Gonzalez",28,"Boise, Idaho","public relations associate","Week 2",13,-116.2146068,43.6187102,"7",0,0,0,0,0,0,1,0,0,0,0,0,0,0,0,0,"Jason Mesnick","Melissa Rycroft",-81.6943605,41.49932,32.5037645448323,1752.20770566832,-4.50376454483231,0,1,15,0
"Ann Lueders",24,"Phoenix, Arizona","flight attendant","Week 1",13,-112.0740373,33.4483771,"2",0,1,0,0,0,0,0,0,0,0,0,0,0,0,0,0,"Jason Mesnick","Melissa Rycroft",-81.6943605,41.49932,32.5037645448323,1747.65510811602,-8.50376454483231,0,1,16,0
"Dominique Carta",26,"Mt. Carmel, Pennsylvania","medical sales rep.","Week 1",13,-76.4118961,40.7970312,"1",1,0,0,0,0,0,0,0,0,0,0,1,0,0,0,0,"Jason Mesnick","Melissa Rycroft",-81.6943605,41.49932,32.5037645448323,279.352837198165,-6.50376454483231,0,1,17,0
"Emily",23,"Seattle, Washington","casino marketing rep.","Week 1",13,-122.3320708,47.6062095,"7",0,0,0,0,0,0,1,0,0,0,0,0,0,0,0,0,"Jason Mesnick","Melissa Rycroft",-81.6943605,41.49932,32.5037645448323,2022.82287928832,-9.50376454483231,0,1,18,0
"Jackie Hickey",26,"Springfield, Massachusetts","wedding coordinator","Week 1",13,-72.589811,42.1014831,"1",1,0,0,0,0,0,0,0,0,0,0,0,0,0,0,0,"Jason Mesnick","Melissa Rycroft",-81.6943605,41.49932,32.5037645448323,471.093272341794,-6.50376454483231,0,1,19,0
"Julie Dermotta",26,"Columbus, Ohio","teacher","Week 1",13,-82.9987942,39.9611755,"3",0,0,1,0,0,0,0,0,1,0,0,0,0,0,0,0,"Jason Mesnick","Melissa Rycroft",-81.6943605,41.49932,32.5037645448323,126.46716566754,-6.50376454483231,0,1,20,0
"Nicole Mah",25,"Calgary, Alberta","menswear buyer","Week 1",13,-114.0708459,51.0486151,"7",0,0,0,0,0,0,1,0,0,0,0,0,0,0,0,0,"Jason Mesnick","Melissa Rycroft",-81.6943605,41.49932,32.5037645448323,1665.89914817101,-7.50376454483231,0,1,21,0
"Renee Simlak",36,"Southfield, Michigan","jewelry designer","Week 1",13,-83.2218731,42.4733688,"3",0,0,1,0,0,0,0,0,0,0,0,0,0,0,0,0,"Jason Mesnick","Melissa Rycroft",-81.6943605,41.49932,32.5037645448323,103.474174619337,3.49623545516769,0,1,22,0
"Shelby",23,"Stockton, California","account executive","Week 1",13,-121.2907796,37.9577016,"7",0,0,0,0,0,0,1,0,0,0,0,0,0,0,0,0,"Jason Mesnick","Melissa Rycroft",-81.6943605,41.49932,32.5037645448323,2102.16186744136,-9.50376454483231,0,1,23,0
"Stacia Mann",24,"Orem, Utah","single mother & charity accountant","Week 1",13,-111.6946475,40.2968979,"2",0,1,0,0,0,0,0,0,0,0,0,0,0,0,0,0,"Jason Mesnick","Melissa Rycroft",-81.6943605,41.49932,32.5037645448323,1562.88168811405,-8.50376454483231,0,1,24,0
"Treasure Morgan",28,"Salt Lake City, Utah","single mother and nurse practitioner","Week 1",13,-111.8910474,40.7607793,"2",0,1,0,0,0,0,0,0,0,1,0,0,0,0,0,0,"Jason Mesnick","Melissa Rycroft",-81.6943605,41.49932,32.5037645448323,1566.07770528083,-4.50376454483231,0,1,25,0
"Vienna Girardi",23,"Geneva, Florida","marketing representative","Winner",14,-81.1150616,28.7397163,"4",0,0,0,1,0,0,0,0,0,0,0,0,0,0,0,0,"Jake Pavelka","Vienna Girardi",-96.7969879,32.7766642,31.937029431896,971.959224918452,-8.93702943189596,1,1,1,1
"Tenley Molzahn",25,"Newberg, Oregon","college admissions","Runner-up",14,-122.9731565,45.3001178,"7",0,0,0,0,0,0,1,0,0,0,0,0,0,0,0,0,"Jake Pavelka","Vienna Girardi",-96.7969879,32.7766642,31.937029431896,1640.41992192096,-6.93702943189596,0,1,2,1
"Gia Allemand",26,"New York City, New York","swimsuit model","Week 7",14,-74.0059413,40.7127837,"1",1,0,0,0,0,0,0,0,0,0,0,0,0,1,0,0,"Jake Pavelka","Vienna Girardi",-96.7969879,32.7766642,31.937029431896,1372.11739392681,-5.93702943189596,0,1,3,1
"Ali Fedotowsky",25,"Williamstown, Massachusetts","advertising account manager","Week 6",14,-73.2036898,42.7120196,"1",1,0,0,0,0,0,0,1,0,0,0,0,0,0,0,0,"Jake Pavelka","Vienna Girardi",-96.7969879,32.7766642,31.937029431896,1455.00311949156,-6.93702943189596,0,1,4,1
"Corrie Adamson",23,"Kissimmee, Florida","wardrobe consultant","Week 5",14,-81.407571,28.2919557,"4",0,0,0,1,0,0,0,0,0,0,0,0,0,0,0,0,"Jake Pavelka","Vienna Girardi",-96.7969879,32.7766642,31.937029431896,966.804726564684,-8.93702943189596,0,1,5,0
"Ashleigh Hunt",25,"North Potomac, Maryland","account manager","Week 4",14,-77.2347674,39.097769,"1",1,0,0,0,0,0,0,1,0,0,0,0,0,0,0,0,"Jake Pavelka","Vienna Girardi",-96.7969879,32.7766642,31.937029431896,1176.55863313972,-6.93702943189596,0,1,6,0
"Jessie Sulidis",25,"Oakville, Ontario","cosmetic sales manager","Week 4",14,-79.6876659,43.467517,"1",1,0,0,0,0,0,0,1,0,0,0,1,0,0,0,0,"Jake Pavelka","Vienna Girardi",-96.7969879,32.7766642,31.937029431896,1184.91627008691,-6.93702943189596,0,1,7,0
"Kathryn Sherlock",25,"Lexington, Kentucky","corporate flight attendant","Week 4",14,-84.5037164,38.0405837,"3",0,0,1,0,0,0,0,0,0,0,0,0,0,0,0,0,"Jake Pavelka","Vienna Girardi",-96.7969879,32.7766642,31.937029431896,781.943510591928,-6.93702943189596,0,1,8,0
"Ella Nolan",30,"La Follette, Tennessee","hair stylist","Week 4",14,-84.1199472,36.3828852,"3",0,0,1,0,0,0,0,0,0,0,0,0,0,0,0,0,"Jake Pavelka","Vienna Girardi",-96.7969879,32.7766642,31.937029431896,763.12407483433,-1.93702943189596,0,1,9,0
"Elizabeth Kitt (NE)",29,"Imperial, Nebraska","nanny","Week 3",14,-101.6432253,40.5169402,"5",0,0,0,0,1,0,0,0,0,0,0,0,0,0,0,0,"Jake Pavelka","Vienna Girardi",-96.7969879,32.7766642,31.937029431896,598.902391147386,-2.93702943189596,0,1,10,0
"Valishia Savage",32,"San Bernardino, California","homemaker","Week 3",14,-117.2897652,34.1083449,"2",0,1,0,0,0,0,0,0,0,0,0,0,0,0,0,0,"Jake Pavelka","Vienna Girardi",-96.7969879,32.7766642,31.937029431896,1184.41543131015,0.0629705681040384,0,1,11,0
"Michelle Kujawa",26,"Anaheim, California","office manager","Week 3",14,-117.9145036,33.8352932,"2",0,1,0,0,0,0,0,1,0,0,0,0,0,0,0,0,"Jake Pavelka","Vienna Girardi",-96.7969879,32.7766642,31.937029431896,1220.85045465307,-5.93702943189596,0,1,12,0
"Ashley Elmore",29,"Pittsburgh, Pennsylvania","teacher","Week 2",14,-79.9958864,40.4406248,"1",1,0,0,0,0,0,0,0,1,0,0,0,0,0,0,0,"Jake Pavelka","Vienna Girardi",-96.7969879,32.7766642,31.937029431896,1070.34106625609,-2.93702943189596,0,1,13,0
"Christina McCasland",25,"San Diego, California","restaurant manager","Week 2",14,-117.1610838,32.715738,"2",0,1,0,0,0,0,0,1,0,0,0,0,0,0,0,0,"Jake Pavelka","Vienna Girardi",-96.7969879,32.7766642,31.937029431896,1182.90764661355,-6.93702943189596,0,1,14,0
"Rozlyn Papa",28,"Richmond, Virginia","model/make-up artist","Week 2",14,-77.4360481,37.5407246,"1",1,0,0,0,0,0,0,0,0,0,0,0,0,1,0,0,"Jake Pavelka","Vienna Girardi",-96.7969879,32.7766642,31.937029431896,1140.98389192296,-3.93702943189596,0,1,15,0
"Alexa (Lex) McAllister",25,"Galloway, Ohio","entrepreneur","Week 1",14,-83.162972,39.913345,"3",0,0,1,0,0,0,0,0,0,0,0,0,0,0,0,0,"Jake Pavelka","Vienna Girardi",-96.7969879,32.7766642,31.937029431896,904.314343109161,-6.93702943189596,0,1,16,0
"Caitlyn McCabe",24,"Winfield, Illinois","spokesmodel","Week 1",14,-88.1609031,41.8616956,"3",0,0,1,0,0,0,0,0,0,0,0,0,0,1,0,0,"Jake Pavelka","Vienna Girardi",-96.7969879,32.7766642,31.937029431896,786.856920475945,-7.93702943189596,0,1,17,0
"Channy Choch",29,"Santa Rosa, California","mortgage loan officer","Week 1",14,-122.7140548,38.440429,"7",0,0,0,0,0,0,1,0,0,0,0,0,0,0,0,0,"Jake Pavelka","Vienna Girardi",-96.7969879,32.7766642,31.937029431896,1503.64730492595,-2.93702943189596,0,1,18,0
"Elizabeth Kreft (D.C.)",29,"Union, Kentucky","captain, air national guard","Week 1",14,-84.680501,38.9458951,"3",0,0,1,0,0,0,0,0,0,0,0,0,0,0,0,0,"Jake Pavelka","Vienna Girardi",-96.7969879,32.7766642,31.937029431896,801.075505391105,-2.93702943189596,0,1,19,0
"Emily Harkins",23,"West Chester, Ohio","fitness model","Week 1",14,-84.4172666,39.3321262,"3",0,0,1,0,0,0,0,0,0,0,0,0,0,1,0,0,"Jake Pavelka","Vienna Girardi",-96.7969879,32.7766642,31.937029431896,826.368832752275,-8.93702943189596,0,1,20,0
"Kimberly Sullivan",24,"Norman, Oklahoma","nba dancer","Week 1",14,-97.4394777,35.2225668,"5",0,0,0,0,1,0,0,0,0,0,0,0,0,0,0,0,"Jake Pavelka","Vienna Girardi",-96.7969879,32.7766642,31.937029431896,173.149184135669,-7.93702943189596,0,1,21,0
"Kirsten Pittman",25,"Aurora, Colorado","waitress","Week 1",14,-104.8319195,39.7294319,"5",0,0,0,0,1,0,0,0,0,0,0,0,0,0,0,0,"Jake Pavelka","Vienna Girardi",-96.7969879,32.7766642,31.937029431896,656.81659430456,-6.93702943189596,0,1,22,0
"Sheila Marie Lidner",25,"Scottsdale, Arizona","commercial pilot","Week 1",14,-111.9260519,33.4941704,"2",0,1,0,0,0,0,0,0,0,0,0,0,0,0,0,0,"Jake Pavelka","Vienna Girardi",-96.7969879,32.7766642,31.937029431896,876.939875063589,-6.93702943189596,0,1,23,0
"Stephanie Mueller",24,"Morris, Illinois","dance teacher","Week 1",14,-88.4211785,41.357254,"3",0,0,1,0,0,0,0,0,1,0,0,0,0,0,0,0,"Jake Pavelka","Vienna Girardi",-96.7969879,32.7766642,31.937029431896,751.508225589932,-7.93702943189596,0,1,24,0
"Tiana Kruzel",31,"Calgary, Alberta","medical technician","Week 1",14,-114.0708459,51.0486151,"7",0,0,0,0,0,0,1,0,0,0,0,0,0,0,0,0,"Jake Pavelka","Vienna Girardi",-96.7969879,32.7766642,31.937029431896,1536.97704569521,-0.937029431895962,0,1,25,0
"Emily Maynard",25,"Morgantown, West Virginia","children's hospital event planner","Winner",15,-79.9558968,39.629526,"1",1,0,0,0,0,0,0,0,0,0,0,0,0,0,0,0,"Brad Womack","Emily Maynard",-84.3879824,33.7489954,38.1464750171116,475.11887104071,-13.1464750171116,1,1,1,1
"Chantal O'Brien",28,"Mercer Island, Washington","executive assistant","Runner-up",15,-122.2220673,47.5706548,"7",0,0,0,0,0,0,1,0,0,0,0,0,0,0,0,0,"Brad Womack","Emily Maynard",-84.3879824,33.7489954,38.1464750171116,2175.24118842561,-10.1464750171116,0,1,2,1
"Ashley Hebert",26,"Madawaska, Maine","dental student","Week 9",15,-68.3217027,47.3553154,"1",1,0,0,0,0,0,0,0,0,0,1,0,0,0,0,0,"Brad Womack","Emily Maynard",-84.3879824,33.7489954,38.1464750171116,1259.38849128502,-12.1464750171116,0,1,3,1
"Shawntel Newton",25,"Chico, California","funeral director","Week 8",15,-121.8374777,39.7284944,"7",0,0,0,0,0,0,1,0,0,0,0,0,0,0,0,0,"Brad Womack","Emily Maynard",-84.3879824,33.7489954,38.1464750171116,2100.89123935758,-13.1464750171116,0,1,4,1
"Michelle Money",30,"Salt Lake City, Utah","hair stylist","Week 7",15,-111.8910474,40.7607793,"2",0,1,0,0,0,0,0,0,0,0,0,0,0,0,0,0,"Brad Womack","Emily Maynard",-84.3879824,33.7489954,38.1464750171116,1582.38512882824,-8.14647501711157,0,1,5,0
"Britt Billmaier",25,"Woodinville, Washington","food writer","Week 7",15,-122.1634582,47.7542651,"7",0,0,0,0,0,0,1,0,0,0,0,0,0,0,0,0,"Brad Womack","Emily Maynard",-84.3879824,33.7489954,38.1464750171116,2175.28691449598,-13.1464750171116,0,1,6,0
"Jackie Gordon",26,"Newport, Rhode Island","artist","Week 6",15,-71.3128285,41.4901024,"1",1,0,0,0,0,0,0,0,0,0,0,0,0,0,0,0,"Brad Womack","Emily Maynard",-84.3879824,33.7489954,38.1464750171116,892.693849744953,-12.1464750171116,0,1,7,0
"Alli Travis",24,"Columbus, Ohio","apparel merchant","Week 6",15,-82.9987942,39.9611755,"3",0,0,1,0,0,0,0,0,0,0,0,0,0,0,0,0,"Brad Womack","Emily Maynard",-84.3879824,33.7489954,38.1464750171116,436.508837716348,-14.1464750171116,0,1,8,0
"Lisa Morrisey",24,"Ottawa, Kansas","marketing coordinator","Week 5",15,-95.2686366,38.615768,"5",0,0,0,0,1,0,0,0,0,0,0,0,0,0,0,0,"Brad Womack","Emily Maynard",-84.3879824,33.7489954,38.1464750171116,693.819763297486,-14.1464750171116,0,1,9,0
"Marissa May",26,"Mesa, Arizona","sports publicist","Week 5",15,-111.8314724,33.4151843,"2",0,1,0,0,0,0,0,0,0,0,0,0,0,0,0,0,"Brad Womack","Emily Maynard",-84.3879824,33.7489954,38.1464750171116,1576.92317127949,-12.1464750171116,0,1,10,0
"Ashley Spivey",26,"Ellerbe, North Carolina","nanny","Week 5",15,-79.7614395,35.0712608,"1",1,0,0,0,0,0,0,0,0,0,0,0,0,0,0,0,"Brad Womack","Emily Maynard",-84.3879824,33.7489954,38.1464750171116,279.380988371544,-12.1464750171116,0,1,11,0
"Lindsay Hill",25,"Plano, Texas","first grade teacher","Week 4",15,-96.6988856,33.0198431,"5",0,0,0,0,1,0,0,0,1,0,0,0,0,0,0,0,"Brad Womack","Emily Maynard",-84.3879824,33.7489954,38.1464750171116,712.408461819486,-13.1464750171116,0,1,12,0
"Meghan Merritt",30,"Princeton, New Jersey","fashion marketer","Week 4",15,-74.6672226,40.3572976,"1",1,0,0,0,0,0,0,0,0,0,0,0,0,0,0,0,"Brad Womack","Emily Maynard",-84.3879824,33.7489954,38.1464750171116,704.12237374877,-8.14647501711157,0,1,13,0
"Stacey Quirpel",26,"Quincy, Massachusetts","bartender","Week 4",15,-71.0022705,42.2528772,"1",1,0,0,0,0,0,0,0,0,0,0,0,0,0,0,0,"Brad Womack","Emily Maynard",-84.3879824,33.7489954,38.1464750171116,935.224574897666,-12.1464750171116,0,1,14,0
"Kimberly Coon",27,"Orlando, Florida","marketing coordinator","Week 3",15,-81.3792365,28.5383355,"4",0,0,0,1,0,0,0,0,0,0,0,0,0,0,0,0,"Brad Womack","Emily Maynard",-84.3879824,33.7489954,38.1464750171116,401.978456785438,-11.1464750171116,0,1,15,0
"Sarah Powell",27,"Denver, Colorado","real estate broker","Week 3",15,-104.990251,39.7392358,"5",0,0,0,0,1,0,0,0,0,0,0,0,0,0,1,0,"Brad Womack","Emily Maynard",-84.3879824,33.7489954,38.1464750171116,1211.38882165409,-11.1464750171116,0,1,16,0
"Madison Garton",25,"Vail, Colorado","model","Week 3",15,-106.3741955,39.6402638,"5",0,0,0,0,1,0,0,0,0,0,0,0,0,1,0,0,"Brad Womack","Emily Maynard",-84.3879824,33.7489954,38.1464750171116,1281.79783110475,-13.1464750171116,0,1,17,0
"Keltie Colleen",28,"Sherwood Park, Alberta","radio city rockette","Week 2",15,-113.2957365,53.5412083,"7",0,0,0,0,0,0,1,0,0,0,0,0,0,0,0,0,"Brad Womack","Emily Maynard",-84.3879824,33.7489954,38.1464750171116,1966.84629068102,-10.1464750171116,0,1,18,0
"Melissa Schreiber",32,"Westport, Connecticut","waitress","Week 2",15,-73.3579049,41.1414717,"1",1,0,0,0,0,0,0,0,0,0,0,0,0,0,0,0,"Brad Womack","Emily Maynard",-84.3879824,33.7489954,38.1464750171116,791.561040285866,-6.14647501711157,0,1,19,0
"Raichel Goodyear",29,"Fullerton, California","manscaper","Week 2",15,-117.9242966,33.8703596,"2",0,1,0,0,0,0,0,0,0,0,0,0,0,0,0,0,"Brad Womack","Emily Maynard",-84.3879824,33.7489954,38.1464750171116,1918.75224090815,-9.14647501711157,0,1,20,0
"Britnee",25,"Holland, Pennsylvania","paralegal","Week 1",15,-74.9722322,40.2010288,"1",1,0,0,0,0,0,0,0,0,0,0,0,0,0,0,0,"Brad Womack","Emily Maynard",-84.3879824,33.7489954,38.1464750171116,684.773779671036,-13.1464750171116,0,1,21,0
"Cristy Caserta",30,"Davie, Florida","attorney","Week 1",15,-80.2521157,26.0764783,"4",0,0,0,1,0,0,0,0,0,0,0,0,1,0,0,0,"Brad Womack","Emily Maynard",-84.3879824,33.7489954,38.1464750171116,585.626339443644,-8.14647501711157,0,1,22,0
"Jessica ""J"" Adams",26,"Seattle, Washington","operations manager","Week 1",15,-122.3320708,47.6062095,"7",0,0,0,0,0,0,1,1,0,0,0,0,0,0,0,0,"Brad Womack","Emily Maynard",-84.3879824,33.7489954,38.1464750171116,2180.77542539826,-12.1464750171116,0,1,23,0
"Jill Ruskowski",28,"Frisco, Texas","sales director","Week 1",15,-96.8236116,33.1506744,"5",0,0,0,0,1,0,0,0,0,0,0,1,0,0,0,0,"Brad Womack","Emily Maynard",-84.3879824,33.7489954,38.1464750171116,718.466446411609,-10.1464750171116,0,1,24,0
"Lacey Garbelman",27,"Tampa, Florida","insurance agent","Week 1",15,-82.4571776,27.950575,"4",0,0,0,1,0,0,0,0,0,0,0,0,0,0,0,0,"Brad Womack","Emily Maynard",-84.3879824,33.7489954,38.1464750171116,417.120988203075,-11.1464750171116,0,1,25,0
"Lauren Moore",26,"Culpeper, Virginia","high school teacher","Week 1",15,-77.9962512,38.4729632,"1",1,0,0,0,0,0,0,0,1,0,0,0,0,0,0,0,"Brad Womack","Emily Maynard",-84.3879824,33.7489954,38.1464750171116,483.855999749392,-12.1464750171116,0,1,26,0
"Lisa P.",27,"Dix Hills, New York","sales consultant","Week 1",15,-73.3362298,40.8048207,"1",1,0,0,0,0,0,0,0,0,0,0,1,0,0,0,0,"Brad Womack","Emily Maynard",-84.3879824,33.7489954,38.1464750171116,778.792967527924,-11.1464750171116,0,1,27,0
"Rebecca",30,"Mission Viejo, California","esthetician","Week 1",15,-117.6719953,33.6000232,"2",0,1,0,0,0,0,0,0,0,0,0,0,0,0,0,0,"Brad Womack","Emily Maynard",-84.3879824,33.7489954,38.1464750171116,1907.52149478571,-8.14647501711157,0,1,28,0
"Renee Halpin",28,"Palos Hills, Illinois","nanny","Week 1",15,-87.8169984,41.6966992,"3",0,0,1,0,0,0,0,0,0,0,0,0,0,0,0,0,"Brad Womack","Emily Maynard",-84.3879824,33.7489954,38.1464750171116,580.741637449386,-10.1464750171116,0,1,29,0
"Sarah Ledtke",25,"Saginaw, Michigan","musical theatre performer","Week 1",15,-83.9508068,43.4194699,"3",0,0,1,0,0,0,0,0,0,0,0,0,0,0,0,0,"Brad Womack","Emily Maynard",-84.3879824,33.7489954,38.1464750171116,669.330038657494,-13.1464750171116,0,1,30,0
"Courtney Robertson",28,"Scottsdale, Arizona","model","Winner",16,-111.9260519,33.4941704,"2",0,1,0,0,0,0,0,0,0,0,0,0,0,1,0,0,"Ben Flajnik","Courtney Robertson",-122.4580356,38.291859,29.3114305270363,676.442172461573,-1.31143052703628,1,1,1,1
"Lindzi Cox",27,"Newcastle, Washington","business development manager","Runner-up",16,-122.1556769,47.5389889,"7",0,0,0,0,0,0,1,1,0,0,0,0,0,0,0,0,"Ben Flajnik","Courtney Robertson",-122.4580356,38.291859,29.3114305270363,639.814199484604,-2.31143052703628,0,1,2,1
"Nicki Sterling",26,"Hurst, Texas","dental hygienist","Week 9",16,-97.1705678,32.8234621,"5",0,0,0,0,1,0,0,0,0,0,0,0,0,0,0,0,"Ben Flajnik","Courtney Robertson",-122.4580356,38.291859,29.3114305270363,1467.25836996367,-3.31143052703628,0,1,3,1
"Kacie Boguskie",24,"Clarksville, Tennessee","administrative assistant","Week 8",16,-87.3594528,36.5297706,"3",0,0,1,0,0,0,0,0,0,0,0,0,0,0,0,0,"Ben Flajnik","Courtney Robertson",-122.4580356,38.291859,29.3114305270363,1920.68496101414,-5.31143052703628,0,1,4,1
"Emily O'Brien",27,"Chapel Hill, North Carolina","phd student","Week 7",16,-79.0558445,35.9131996,"1",1,0,0,0,0,0,0,0,0,0,1,0,0,0,0,0,"Ben Flajnik","Courtney Robertson",-122.4580356,38.291859,29.3114305270363,2378.07026072678,-2.31143052703628,0,1,5,0
"Rachel Truehart",27,"Southampton, Massachusetts","fashion sales representative","Week 7",16,-72.7300929,42.2292572,"1",1,0,0,0,0,0,0,0,0,0,0,1,0,0,0,0,"Ben Flajnik","Courtney Robertson",-122.4580356,38.291859,29.3114305270363,2601.72518558453,-2.31143052703628,0,1,6,0
"Jamie Otis",25,"Dryden, New York","registered nurse","Week 6",16,-76.2971553,42.4909053,"1",1,0,0,0,0,0,0,0,0,1,0,0,0,0,0,0,"Ben Flajnik","Courtney Robertson",-122.4580356,38.291859,29.3114305270363,2419.06278639037,-4.31143052703628,0,1,7,0
"Casey Shteamer",26,"Leawood, Kansas","trading clerk","Week 6",16,-94.6169012,38.966673,"5",0,0,0,0,1,0,0,0,0,0,0,0,0,0,0,0,"Ben Flajnik","Courtney Robertson",-122.4580356,38.291859,29.3114305270363,1499.29109280484,-3.31143052703628,0,1,8,0
"Blakeley Jones",33,"Rutherfordton, North Carolina","vip cocktail waitress","Week 6",16,-81.9567716,35.3692877,"3",0,0,1,0,0,0,0,0,0,0,0,0,0,0,0,0,"Ben Flajnik","Courtney Robertson",-122.4580356,38.291859,29.3114305270363,2233.58095882843,3.68856947296372,0,1,9,0
"Jennifer Fritsch",28,"Cache, Oklahoma","accountant","Week 5",16,-98.6286741,34.6295165,"5",0,0,0,0,1,0,0,0,0,0,0,0,0,0,0,0,"Ben Flajnik","Courtney Robertson",-122.4580356,38.291859,29.3114305270363,1345.71980040453,-1.31143052703628,0,1,10,0
"Elyse Myers",24,"Chicago, Illinois","personal trainer","Week 5",16,-87.6297982,41.8781136,"3",0,0,1,0,0,0,0,0,0,0,0,0,0,0,0,0,"Ben Flajnik","Courtney Robertson",-122.4580356,38.291859,29.3114305270363,1846.96492576443,-5.31143052703628,0,1,11,0
"Monica Spannbauer",33,"Yuba, California","dental consultant","Week 4",16,-121.6169108,39.1404477,"7",0,0,0,0,0,0,1,0,0,0,0,0,0,0,0,0,"Ben Flajnik","Courtney Robertson",-122.4580356,38.291859,29.3114305270363,74.2031476330868,3.68856947296372,0,1,12,0
"Samantha Levey",26,"Pittsburgh, Pennsylvania","advertising account manager","Week 4",16,-79.9958864,40.4406248,"1",1,0,0,0,0,0,0,1,0,0,0,0,0,0,0,0,"Ben Flajnik","Courtney Robertson",-122.4580356,38.291859,29.3114305270363,2253.6815756397,-3.31143052703628,0,1,13,0
"Erika Uhlig",23,"Charlottesville, Virginia","law student","Week 3",16,-78.4766781,38.0293059,"1",1,0,0,0,0,0,0,0,0,0,1,0,0,0,0,0,"Ben Flajnik","Courtney Robertson",-122.4580356,38.291859,29.3114305270363,2368.92236033886,-6.31143052703628,0,1,14,0
"Jaclyn Swartz",27,"Newton, Massachusetts","advertising account manager","Week 3",16,-71.2092214,42.3370413,"1",1,0,0,0,0,0,0,1,0,0,0,0,0,0,0,0,"Ben Flajnik","Courtney Robertson",-122.4580356,38.291859,29.3114305270363,2676.53169187135,-2.31143052703628,0,1,15,0
"Brittney Schreiner",26,"Colorado Springs, Colorado","medical sales representative","Week 3",16,-104.8213634,38.8338816,"5",0,0,0,0,1,0,0,0,0,0,0,1,0,0,0,0,"Ben Flajnik","Courtney Robertson",-122.4580356,38.291859,29.3114305270363,953.160578369279,-3.31143052703628,0,1,16,0
"Jenna Burke",27,"Loveland, Ohio","blogger","Week 2",16,-84.263826,39.2689476,"3",0,0,1,0,0,0,0,0,0,0,0,0,0,0,0,0,"Ben Flajnik","Courtney Robertson",-122.4580356,38.291859,29.3114305270363,2045.22623469638,-2.31143052703628,0,1,17,0
"Shawn Reynolds",28,"Cincinnati, Ohio","financial advisor","Week 2",16,-84.5120196,39.1031182,"3",0,0,1,0,0,0,0,0,0,0,0,0,0,0,0,0,"Ben Flajnik","Courtney Robertson",-122.4580356,38.291859,29.3114305270363,2034.23814594076,-1.31143052703628,0,1,18,0
"Amber Bacon",23,"Port Coquitlam, British Columbia","labor and delivery nurse","Week 1",16,-122.7810708,49.2628382,"7",0,0,0,0,0,0,1,0,0,1,0,0,0,0,0,0,"Ben Flajnik","Courtney Robertson",-122.4580356,38.291859,29.3114305270363,759.041976490126,-6.31143052703628,0,1,19,0
"Amber Tierney",28,"Waverly, Nebraska","critical care nurse","Week 1",16,-96.5272313,40.9172208,"5",0,0,0,0,1,0,0,0,0,1,0,0,0,0,0,0,"Ben Flajnik","Courtney Robertson",-122.4580356,38.291859,29.3114305270363,1388.65374133521,-1.31143052703628,0,1,20,0
"Anna Snowball",25,"Detroit, Michigan","student","Week 1",16,-83.0457538,42.331427,"3",0,0,1,0,0,0,0,0,0,0,1,0,0,0,0,0,"Ben Flajnik","Courtney Robertson",-122.4580356,38.291859,29.3114305270363,2078.71725304042,-4.31143052703628,0,1,21,0
"Dianna Martinez",30,"San Gabriel, California","nonprofit director","Week 1",16,-118.1058333,34.0961111,"2",0,1,0,0,0,0,0,0,0,0,0,0,0,0,0,0,"Ben Flajnik","Courtney Robertson",-122.4580356,38.291859,29.3114305270363,378.386176967581,0.688569472963724,0,1,22,0
"Holly Johnson",34,"Salyersville, Kentucky","pharmaceutical sales representative","Week 1",16,-83.0687816,37.7525922,"3",0,0,1,0,0,0,0,0,0,0,0,1,0,0,0,0,"Ben Flajnik","Courtney Robertson",-122.4580356,38.291859,29.3114305270363,2130.17967008638,4.68856947296372,0,1,23,0
"Lyndsie James",29,"London, England","internet entrepreneur","Week 1",16,-0.1277583,51.5073509,"6",0,0,0,0,0,1,0,0,0,0,0,0,0,0,0,0,"Ben Flajnik","Courtney Robertson",-122.4580356,38.291859,29.3114305270363,5331.03832469836,-0.311430527036276,0,1,24,0
"Shira Astrof",35,"Massapequa Park, New York","actress","Week 1",16,-73.4553119,40.6804893,"1",1,0,0,0,0,0,0,0,0,0,0,0,0,0,0,0,"Ben Flajnik","Courtney Robertson",-122.4580356,38.291859,29.3114305270363,2587.12791266443,5.68856947296372,0,1,25,0
"Catherine Giudici",26,"Seattle, Washington","graphic designer","Winner",17,-122.3320708,47.6062095,"7",0,0,0,0,0,0,1,0,0,0,0,0,0,0,0,0,"Sean Lowe","Catherine Giudici",-96.9488945,32.8140177,29.1444216290212,1673.59354254715,-3.14442162902122,1,1,1,1
"Lindsay Yenter",24,"Fort Bragg, North Carolina","substitute teacher","Runner-up",17,-79.0079949,35.1414552,"1",1,0,0,0,0,0,0,0,1,0,0,0,0,0,0,0,"Sean Lowe","Catherine Giudici",-96.9488945,32.8140177,29.1444216290212,1040.14066724801,-5.14442162902122,0,1,2,1
"AshLee Frazier",32,"Houston, Texas","personal organizer","Week 9",17,-95.3698028,29.7604267,"5",0,0,0,0,1,0,0,0,0,0,0,0,0,0,0,0,"Sean Lowe","Catherine Giudici",-96.9488945,32.8140177,29.1444216290212,230.91580842415,2.85557837097878,0,1,3,1
"Desiree Hartsock",26,"Northglenn, Colorado","bridal stylist","Week 8",17,-104.9811468,39.8961821,"5",0,0,0,0,1,0,0,0,0,0,0,0,0,0,0,0,"Sean Lowe","Catherine Giudici",-96.9488945,32.8140177,29.1444216290212,662.882631880333,-3.14442162902122,0,1,4,1
"Lesley Murphy",24,"Fort Smith, Arkansas","political consultant","Week 7",17,-94.3985475,35.3859242,"5",0,0,0,0,1,0,0,0,0,0,0,0,0,0,0,0,"Sean Lowe","Catherine Giudici",-96.9488945,32.8140177,29.1444216290212,230.169408076549,-5.14442162902122,0,1,5,0
"Tierra LiCausi",24,"Las Vegas, Nevada","leasing consultant","Week 7",17,-115.1398296,36.1699412,"2",0,1,0,0,0,0,0,0,0,0,0,0,0,0,0,0,"Sean Lowe","Catherine Giudici",-96.9488945,32.8140177,29.1444216290212,1061.02335043564,-5.14442162902122,0,1,6,0
"Daniella McBride",24,"Belmont, California","commercial casting associate","Week 6",17,-122.2758008,37.5202145,"7",0,0,0,0,0,0,1,0,0,0,0,0,0,0,0,0,"Sean Lowe","Catherine Giudici",-96.9488945,32.8140177,29.1444216290212,1463.85456435803,-5.14442162902122,0,1,7,0
"Selma Alameri",29,"Borrego Springs, California","real estate dealer","Week 6",17,-116.375012,33.2558717,"2",0,1,0,0,0,0,0,0,0,0,0,0,0,0,1,0,"Sean Lowe","Catherine Giudici",-96.9488945,32.8140177,29.1444216290212,1125.28641169552,-0.144421629021217,0,1,8,0
"Sarah Herron",26,"Evergreen, Colorado","advertising executive","Week 6",17,-105.3172146,39.6333213,"5",0,0,0,0,1,0,0,0,0,0,0,0,0,0,0,0,"Sean Lowe","Catherine Giudici",-96.9488945,32.8140177,29.1444216290212,663.132638890412,-3.14442162902122,0,1,9,0
"Robyn Howard",24,"Topeka, Kansas","oil field account manager","Week 5",17,-95.6890185,39.0558235,"5",0,0,0,0,1,0,0,1,0,0,0,0,0,0,0,0,"Sean Lowe","Catherine Giudici",-96.9488945,32.8140177,29.1444216290212,437.464659851349,-5.14442162902122,0,1,10,0
"Jackie Parr",25,"Ormond Beach, Florida","cosmetics consultant","Week 5",17,-81.0558894,29.2858129,"4",0,0,0,1,0,0,0,0,0,0,0,0,0,0,0,0,"Sean Lowe","Catherine Giudici",-96.9488945,32.8140177,29.1444216290212,971.841831722042,-4.14442162902122,0,1,11,0
"Amanda Meyer",26,"Bakersfield, California","fit model","Week 4",17,-119.0187125,35.3732921,"2",0,1,0,0,0,0,0,0,0,0,0,0,0,1,0,0,"Sean Lowe","Catherine Giudici",-96.9488945,32.8140177,29.1444216290212,1273.8335470275,-3.14442162902122,0,1,12,0
"Leslie Hughes",28,"Ruskin, Florida","poker dealer","Week 4",17,-82.4331495,27.7208633,"4",0,0,0,1,0,0,0,0,0,0,0,0,0,0,0,0,"Sean Lowe","Catherine Giudici",-96.9488945,32.8140177,29.1444216290212,934.939501199573,-1.14442162902122,0,1,13,0
"Kristy Kaminski",25,"Darien, Wisconsin","model","Week 3",17,-88.7076041,42.6016813,"3",0,0,1,0,0,0,0,0,0,0,0,0,0,1,0,0,"Sean Lowe","Catherine Giudici",-96.9488945,32.8140177,29.1444216290212,812.551063240548,-4.14442162902122,0,1,14,0
"Taryn Renee Daniels",30,"Troutdale, Oregon","health club manager","Week 3",17,-122.3873133,45.5392862,"7",0,0,0,0,0,0,1,1,0,0,0,0,0,0,0,0,"Sean Lowe","Catherine Giudici",-96.9488945,32.8140177,29.1444216290212,1612.48985137551,0.855578370978783,0,1,15,0
"Kacie Boguskie",25,"Clarksville, Tennessee","administrative assistant","Week 3",17,-87.3594528,36.5297706,"3",0,0,1,0,0,0,0,0,0,0,0,0,0,0,0,0,"Sean Lowe","Catherine Giudici",-96.9488945,32.8140177,29.1444216290212,602.639990630872,-4.14442162902122,0,1,16,0
"Brooke Burchette",25,"Pittsburgh, Pennsylvania","community organizer","Week 2",17,-79.9958864,40.4406248,"1",1,0,0,0,0,0,0,0,0,0,0,0,0,0,0,0,"Sean Lowe","Catherine Giudici",-96.9488945,32.8140177,29.1444216290212,1076.1802044756,-4.14442162902122,0,1,17,0
"Diana Weeks Willardson",31,"Sandy, Utah","salon owner","Week 2",17,-111.8389726,40.5649781,"2",0,1,0,0,0,0,0,0,0,0,0,0,0,0,0,1,"Sean Lowe","Catherine Giudici",-96.9488945,32.8140177,29.1444216290212,982.558541552926,1.85557837097878,0,1,18,0
"Katie Levans",27,"Woodstock, Illinois","yoga instructor","Week 2",17,-88.4487021,42.3147436,"3",0,0,1,0,0,0,0,0,0,0,0,0,0,0,0,0,"Sean Lowe","Catherine Giudici",-96.9488945,32.8140177,29.1444216290212,804.710942992135,-2.14442162902122,0,1,19,0
"Ashley Harper",25,"Garner, North Carolina","fashion model","Week 1",17,-78.6141709,35.7112642,"1",1,0,0,0,0,0,0,0,0,0,0,0,0,1,0,0,"Sean Lowe","Catherine Giudici",-96.9488945,32.8140177,29.1444216290212,1065.46998433538,-4.14442162902122,0,1,20,0
"Ashley Palenkas",28,"Macomb, Michigan","hair stylist","Week 1",17,-82.9286428,42.6651965,"3",0,0,1,0,0,0,0,0,0,0,0,0,0,0,0,0,"Sean Lowe","Catherine Giudici",-96.9488945,32.8140177,29.1444216290212,1023.38549738963,-1.14442162902122,0,1,21,0
"Kelly Dutton",28,"Chattanooga, Tennessee","cruise ship entertainer","Week 1",17,-85.3096801,35.0456297,"3",0,0,1,0,0,0,0,0,0,0,0,0,0,0,0,0,"Sean Lowe","Catherine Giudici",-96.9488945,32.8140177,29.1444216290212,685.161241670134,-1.14442162902122,0,1,22,0
"Keriann Miranda",29,"Agoura Hills, California","entrepreneur","Week 1",17,-118.7616764,34.1533395,"2",0,1,0,0,0,0,0,0,0,0,0,0,0,0,0,0,"Sean Lowe","Catherine Giudici",-96.9488945,32.8140177,29.1444216290212,1259.42231741173,-0.144421629021217,0,1,23,0
"Lacey Latka",24,"Stevenson Ranch, California","graduate student","Week 1",17,-118.5907538,34.3931105,"2",0,1,0,0,0,0,0,0,0,0,1,0,0,0,0,0,"Sean Lowe","Catherine Giudici",-96.9488945,32.8140177,29.1444216290212,1249.2211963312,-5.14442162902122,0,1,24,0
"Lauren Marchetti",27,"Cranston, Rhode Island","journalist","Week 1",17,-71.4372796,41.7798226,"1",1,0,0,0,0,0,0,0,0,0,0,0,0,0,0,0,"Sean Lowe","Catherine Giudici",-96.9488945,32.8140177,29.1444216290212,1527.13412978958,-2.14442162902122,0,1,25,0
"Paige Vigil",25,"Minnetonka, Minnesota","jumbotron operator","Week 1",17,-93.4687489,44.9211836,"3",0,0,1,0,0,0,0,0,0,0,0,0,0,0,0,0,"Sean Lowe","Catherine Giudici",-96.9488945,32.8140177,29.1444216290212,857.95314647365,-4.14442162902122,0,1,26,0
"Nikki Ferrell",26,"Kearney, Missouri","pediatric nurse","Winner",18,-94.3621703,39.3677802,"5",0,0,0,0,1,0,0,0,0,1,0,0,0,0,0,0,"Juan Pablo Galavis","Nikki Ferrell",-69.3473509,10.0677719,32.4216290212183,2545.90317207669,-6.42162902121834,1,1,1,1
"Clare Crawley",32,"Sacramento, California","hairstylist","Runner-up",18,-121.4943996,38.5815719,"7",0,0,0,0,0,0,1,0,0,0,0,0,0,0,0,0,"Juan Pablo Galavis","Nikki Ferrell",-69.3473509,10.0677719,32.4216290212183,3766.78578824699,-0.421629021218344,0,1,2,1
"Andi Dorfman",26,"Buckhead, Georgia","assistant district attorney","Week 9",18,-84.406761,33.8372663,"3",0,0,1,0,0,0,0,0,0,0,0,0,1,0,0,0,"Juan Pablo Galavis","Nikki Ferrell",-69.3473509,10.0677719,32.4216290212183,1901.54126072538,-6.42162902121834,0,1,3,1
"Renee Oteri",32,"Martha's Vineyard, Massachusetts","real estate agent","Week 8",18,-70.645473,41.3804981,"1",1,0,0,0,0,0,0,0,0,0,0,0,0,0,1,0,"Juan Pablo Galavis","Nikki Ferrell",-69.3473509,10.0677719,32.4216290212183,2167.37481844275,-0.421629021218344,0,1,4,1
"Chelsie Webster",24,"Lexington, Ohio","science educator","Week 7",18,-82.5823931,40.6786691,"3",0,0,1,0,0,0,0,0,0,0,0,0,0,0,0,0,"Juan Pablo Galavis","Nikki Ferrell",-69.3473509,10.0677719,32.4216290212183,2267.00825056958,-8.42162902121834,0,1,5,0
"Sharleen Joynt",29,"Ottawa, Ontario","opera singer","Week 7",18,-75.6971931,45.4215296,"1",1,0,0,0,0,0,0,0,0,0,0,0,0,0,0,0,"Juan Pablo Galavis","Nikki Ferrell",-69.3473509,10.0677719,32.4216290212183,2474.34204236415,-3.42162902121834,0,1,6,0
"Kat Hurd",29,"Iowa City, Iowa","medical sales representative/nba dancer","Week 6",18,-91.5301683,41.6611277,"3",0,0,1,0,0,0,0,0,0,0,0,1,0,0,0,0,"Juan Pablo Galavis","Nikki Ferrell",-69.3473509,10.0677719,32.4216290212183,2567.82611226127,-3.42162902121834,0,1,7,0
"Cassandra Ferguson",22,"Shelby Charter Township, Michigan","former nba dancer","Week 6",18,-83.0329934,42.670782,"3",0,0,1,0,0,0,0,0,0,0,0,0,0,0,0,0,"Juan Pablo Galavis","Nikki Ferrell",-69.3473509,10.0677719,32.4216290212183,2402.13486690246,-10.4216290212183,0,1,8,0
"Alli Restko",26,"Orland Park, Illinois","nanny","Week 5",18,-87.8539425,41.6303103,"3",0,0,1,0,0,0,0,0,0,0,0,0,0,0,0,0,"Juan Pablo Galavis","Nikki Ferrell",-69.3473509,10.0677719,32.4216290212183,2456.27372621475,-6.42162902121834,0,1,9,0
"Danielle Ronco",25,"Litchfield, Illinois","psychiatric nurse","Week 5",18,-89.6542579,39.1753256,"3",0,0,1,0,0,0,0,0,0,1,0,0,0,0,0,0,"Juan Pablo Galavis","Nikki Ferrell",-69.3473509,10.0677719,32.4216290212183,2371.36752404605,-7.42162902121834,0,1,10,0
"Kelly Travis",27,"Conyers, Georgia","dog lover","Week 5",18,-84.0176904,33.6676103,"3",0,0,1,0,0,0,0,0,0,0,0,0,0,0,0,0,"Juan Pablo Galavis","Nikki Ferrell",-69.3473509,10.0677719,32.4216290212183,1879.43139025138,-5.42162902121834,0,1,11,0
"Elise Mosca",27,"Forty Fort, Pennsylvania","first grade teacher","Week 4",18,-75.8782519,41.2789699,"1",1,0,0,0,0,0,0,0,1,0,0,0,0,0,0,0,"Juan Pablo Galavis","Nikki Ferrell",-69.3473509,10.0677719,32.4216290212183,2195.35423552263,-5.42162902121834,0,1,12,0
"Lauren Solomon",26,"Austin, Texas","music composer","Week 4",18,-97.7430608,30.267153,"5",0,0,0,0,1,0,0,0,0,0,0,0,0,0,0,0,"Juan Pablo Galavis","Nikki Ferrell",-69.3473509,10.0677719,32.4216290212183,2300.68546210433,-6.42162902121834,0,1,13,0
"Christy Hansen",24,"Aurora, Illinois","marketing manager","Week 3",18,-88.3200715,41.7605849,"3",0,0,1,0,0,0,0,1,0,0,0,0,0,0,0,0,"Juan Pablo Galavis","Nikki Ferrell",-69.3473509,10.0677719,32.4216290212183,2476.90626274341,-8.42162902121834,0,1,14,0
"Lucinda ""Lucy"" Aragon",25,"Santa Barbara, California","free spirit","Week 3",18,-119.6981901,34.4208305,"2",0,1,0,0,0,0,0,0,0,0,0,0,0,0,0,0,"Juan Pablo Galavis","Nikki Ferrell",-69.3473509,10.0677719,32.4216290212183,3589.78647305676,-7.42162902121834,0,1,15,0
"Amy Long",27,"Clermont, Florida","local news reporter","Week 2",18,-81.7728543,28.5494447,"4",0,0,0,1,0,0,0,0,0,0,0,0,0,0,0,0,"Juan Pablo Galavis","Nikki Ferrell",-69.3473509,10.0677719,32.4216290212183,1511.32764620431,-5.42162902121834,0,1,16,0
"Chantel Forrest",27,"Miami, Florida","account manager","Week 2",18,-80.1917902,25.7616798,"4",0,0,0,1,0,0,0,1,0,0,0,0,0,0,0,0,"Juan Pablo Galavis","Nikki Ferrell",-69.3473509,10.0677719,32.4216290212183,1297.51380562486,-5.42162902121834,0,1,17,0
"Victoria Lima",24,"Porto Alegre, Brazil","legal assistant","Week 2",18,-51.2176584,-30.0346471,"4",0,0,0,1,0,0,0,0,0,0,0,0,0,0,0,0,"Juan Pablo Galavis","Nikki Ferrell",-69.3473509,10.0677719,32.4216290212183,3025.00639836997,-8.42162902121834,0,1,18,0
"Alexis Morgado",24,"Tampa, Florida","communications director/nhl ice girl","Week 1",18,-82.4571776,27.950575,"4",0,0,0,1,0,0,0,0,0,0,0,0,0,0,0,0,"Juan Pablo Galavis","Nikki Ferrell",-69.3473509,10.0677719,32.4216290212183,1502.23191134525,-8.42162902121834,0,1,19,0
"Amy Jokinen",31,"Apopka, Florida","massage therapist","Week 1",18,-81.5322149,28.6934076,"4",0,0,0,1,0,0,0,0,0,0,0,0,0,0,0,0,"Juan Pablo Galavis","Nikki Ferrell",-69.3473509,10.0677719,32.4216290212183,1511.31336515427,-1.42162902121834,0,1,20,0
"Ashley Poe",25,"Roanoke, Texas","grade school teacher","Week 1",18,-97.2258483,33.0040126,"5",0,0,0,0,1,0,0,0,1,0,0,0,0,0,0,0,"Juan Pablo Galavis","Nikki Ferrell",-69.3473509,10.0677719,32.4216290212183,2379.52350270901,-7.42162902121834,0,1,21,0
"Christine Llano",23,"Miami, Florida","police support specialist","Week 1",18,-80.1917902,25.7616798,"4",0,0,0,1,0,0,0,0,0,0,0,0,0,0,0,0,"Juan Pablo Galavis","Nikki Ferrell",-69.3473509,10.0677719,32.4216290212183,1297.51380562486,-9.42162902121834,0,1,22,0
"Kylie Lewis",23,"Rockford, Illinois","interior designer","Week 1",18,-89.0939952,42.2711311,"3",0,0,1,0,0,0,0,0,0,0,0,0,0,0,0,0,"Juan Pablo Galavis","Nikki Ferrell",-69.3473509,10.0677719,32.4216290212183,2528.32181261131,-9.42162902121834,0,1,23,0
"Lacy Faddoul",25,"Antelope Acres, California","nursing home owner","Week 1",18,-118.28861,34.75444,"2",0,1,0,0,0,0,0,0,0,0,0,0,0,0,0,1,"Juan Pablo Galavis","Nikki Ferrell",-69.3473509,10.0677719,32.4216290212183,3519.14539062938,-7.42162902121834,0,1,24,0
"Lauren Higginson",25,"Edmond, Oklahoma","mineral coordinator","Week 1",18,-97.4780954,35.6528323,"5",0,0,0,0,1,0,0,0,0,0,0,0,0,0,0,0,"Juan Pablo Galavis","Nikki Ferrell",-69.3473509,10.0677719,32.4216290212183,2500.77737541827,-7.42162902121834,0,1,25,0
"Maggie Gantt",25,"Wagener, South Carolina","personal banker","Week 1",18,-81.3612142,33.6523712,"3",0,0,1,0,0,0,0,0,0,0,0,0,0,0,0,0,"Juan Pablo Galavis","Nikki Ferrell",-69.3473509,10.0677719,32.4216290212183,1800.92936313415,-7.42162902121834,0,1,26,0
"Valerie Eredia",26,"Sutter, California","personal trainer","Week 1",18,-121.7527482,39.1598915,"7",0,0,0,0,0,0,1,0,0,0,0,0,0,0,0,0,"Juan Pablo Galavis","Nikki Ferrell",-69.3473509,10.0677719,32.4216290212183,3791.94105232499,-6.42162902121834,0,1,27,0
"Whitney Bischoff",29,"Louisville, Kentucky","fertility nurse","Winner",19,-85.7584557,38.2526647,"3",0,0,1,0,0,0,0,0,0,1,0,0,0,0,0,0,"Chris Soules","Whitney Bischoff",-91.6712663,42.7491501,33.1635865845311,439.615810315645,-4.16358658453115,1,1,1,1
"Becca Tilley",25,"Shreveport, Louisiana","chiropractic assistant","Runner-up",19,-93.7501789,32.5251516,"5",0,0,0,0,1,0,0,0,0,0,0,0,0,0,0,0,"Chris Soules","Whitney Bischoff",-91.6712663,42.7491501,33.1635865845311,716.245202509732,-8.16358658453115,0,1,2,1
"Kaitlyn Bristowe",29,"Leduc, Alberta","dance instructor","Week 9",19,-113.5502217,53.2580126,"7",0,0,0,0,0,0,1,0,0,0,0,0,0,0,0,0,"Chris Soules","Whitney Bischoff",-91.6712663,42.7491501,33.1635865845311,1238.26394281237,-4.16358658453115,0,1,3,1
"Jade Roper",28,"Gering, Nebraska","cosmetics developer","Week 8",19,-103.6577616,41.8263619,"5",0,0,0,0,1,0,0,0,0,0,0,0,0,0,0,0,"Chris Soules","Whitney Bischoff",-91.6712663,42.7491501,33.1635865845311,616.144281728976,-5.16358658453115,0,1,4,1
"Carly Waddell",29,"Arlington, Texas","cruise ship singer","Week 7",19,-97.1080656,32.735687,"5",0,0,0,0,1,0,0,0,0,0,0,0,0,0,0,0,"Chris Soules","Whitney Bischoff",-91.6712663,42.7491501,33.1635865845311,753.347047001062,-4.16358658453115,0,1,5,0
"Britt Nilsson",27,"Wolcott Mills, Michigan","waitress","Week 7",19,-82.940616,42.768738,"3",0,0,1,0,0,0,0,0,0,0,0,0,0,0,0,0,"Chris Soules","Whitney Bischoff",-91.6712663,42.7491501,33.1635865845311,443.202557018564,-6.16358658453115,0,1,6,0
"Megan Bell",24,"Nashville, Tennessee","make-up artist","Week 6",19,-86.7816016,36.1626638,"3",0,0,1,0,0,0,0,0,0,0,0,0,0,0,0,0,"Chris Soules","Whitney Bischoff",-91.6712663,42.7491501,33.1635865845311,524.897964258263,-9.16358658453115,0,1,7,0
"Kelsey Poe",28,"Hudsonville, Michigan","guidance counselor","Week 6",19,-85.8650358,42.870859,"3",0,0,1,0,0,0,0,0,0,0,0,0,0,0,0,0,"Chris Soules","Whitney Bischoff",-91.6712663,42.7491501,33.1635865845311,294.696354466963,-5.16358658453115,0,1,8,0
"Ashley Iaconetti",26,"Great Falls, Virginia","nanny/freelance journalist","Week 6",19,-77.2883157,38.9981652,"1",1,0,0,0,0,0,0,0,0,0,0,0,0,0,0,0,"Chris Soules","Whitney Bischoff",-91.6712663,42.7491501,33.1635865845311,794.555080741623,-7.16358658453115,0,1,9,0
"Mackenzie Deonigi",21,"Maple Valley, Washington","dental assistant","Week 5",19,-122.0405833,47.3613229,"7",0,0,0,0,0,0,1,0,0,0,0,0,0,0,0,0,"Chris Soules","Whitney Bischoff",-91.6712663,42.7491501,33.1635865845311,1507.68320507426,-12.1635865845311,0,1,10,0
"Samantha Steffen",27,"Indianapolis, Indiana","fashion designer","Week 5",19,-86.158068,39.768403,"3",0,0,1,0,0,0,0,0,0,0,0,0,0,0,0,0,"Chris Soules","Whitney Bischoff",-91.6712663,42.7491501,33.1635865845311,352.995451047214,-6.16358658453115,0,1,11,0
"Ashley Salter",24,"Vinings, Georgia","hair stylist","Week 4",19,-84.4643744,33.8648262,"3",0,0,1,0,0,0,0,0,0,0,0,0,0,0,0,0,"Chris Soules","Whitney Bischoff",-91.6712663,42.7491501,33.1635865845311,727.816442645969,-9.16358658453115,0,1,12,0
"Juelia Kinney",30,"Beaverton, Oregon","esthetician","Week 4",19,-122.8037102,45.487062,"7",0,0,0,0,0,0,1,0,0,0,0,0,0,0,0,0,"Chris Soules","Whitney Bischoff",-91.6712663,42.7491501,33.1635865845311,1547.70697103053,-3.16358658453115,0,1,13,0
"Nikki Delventhal",26,"Hasbrouck Heights, New Jersey","former nfl cheerleader","Week 4",19,-74.0806971,40.8581553,"1",1,0,0,0,0,0,0,0,0,0,0,0,0,0,0,0,"Chris Soules","Whitney Bischoff",-91.6712663,42.7491501,33.1635865845311,914.680670930456,-7.16358658453115,0,1,14,0
"Jillian Anderson",25,"Howland, Ohio","news producer","Week 4",19,-80.7325287,41.2576207,"1",1,0,0,0,0,0,0,0,0,0,0,0,0,0,0,0,"Chris Soules","Whitney Bischoff",-91.6712663,42.7491501,33.1635865845311,571.22151707749,-8.16358658453115,0,1,15,0
"Amber James",29,"Kankakee, Illinois","bartender","Week 3",19,-87.8611531,41.1200325,"3",0,0,1,0,0,0,0,0,0,0,0,0,0,0,0,0,"Chris Soules","Whitney Bischoff",-91.6712663,42.7491501,33.1635865845311,226.100278089731,-4.16358658453115,0,1,16,0
"Tracy Darakis",29,"Wellington, Florida","fourth grade teacher","Week 3",19,-80.2683571,26.6617635,"4",0,0,0,1,0,0,0,0,1,0,0,0,0,0,0,0,"Chris Soules","Whitney Bischoff",-91.6712663,42.7491501,33.1635865845311,1285.11034157492,-4.16358658453115,0,1,17,0
"Trina Scherenberg",33,"Algonquin, Illinois","special education teacher","Week 3",19,-88.2942493,42.1655801,"3",0,0,1,0,0,0,0,0,1,0,0,0,0,0,0,0,"Chris Soules","Whitney Bischoff",-91.6712663,42.7491501,33.1635865845311,176.98958285294,-0.163586584531146,0,1,18,0
"Alissa Giambrone",24,"Hamilton, New Jersey","flight attendant","Week 2",19,-74.6796651,40.2115109,"1",1,0,0,0,0,0,0,0,0,0,0,0,0,0,0,0,"Chris Soules","Whitney Bischoff",-91.6712663,42.7491501,33.1635865845311,896.227428228218,-9.16358658453115,0,1,19,0
"Jordan Branch",24,"Windsor, Colorado","student","Week 2",19,-104.9013617,40.4774818,"5",0,0,0,0,1,0,0,0,0,0,1,0,0,0,0,0,"Chris Soules","Whitney Bischoff",-91.6712663,42.7491501,33.1635865845311,701.206419138491,-9.16358658453115,0,1,20,0
"Kimberly Sherbach",28,"Wantagh, New York","yoga instructor","Week 2",19,-73.5101258,40.6837121,"1",1,0,0,0,0,0,0,0,0,0,0,0,0,0,0,0,"Chris Soules","Whitney Bischoff",-91.6712663,42.7491501,33.1635865845311,946.627851222736,-5.16358658453115,0,1,21,0
"Tandra Steiner",30,"Sandy, Utah","executive assistant","Week 2",19,-111.8389726,40.5649781,"2",0,1,0,0,0,0,0,0,0,0,0,0,0,0,0,0,"Chris Soules","Whitney Bischoff",-91.6712663,42.7491501,33.1635865845311,1050.58366369669,-3.16358658453115,0,1,22,0
"Tara Eddings",26,"Fort Lauderdale, Florida","sport fishing enthusiast","Week 2",19,-80.1373174,26.1224386,"4",0,0,0,1,0,0,0,0,0,0,0,0,0,0,0,0,"Chris Soules","Whitney Bischoff",-91.6712663,42.7491501,33.1635865845311,1322.05720968418,-7.16358658453115,0,1,23,0
"Amanda Goerlitz",24,"Lake in the Hills, Illinois","ballet teacher","Week 1",19,-88.3303618,42.1816908,"3",0,0,1,0,0,0,0,0,1,0,0,0,0,0,0,0,"Chris Soules","Whitney Bischoff",-91.6712663,42.7491501,33.1635865845311,174.921470825637,-9.16358658453115,0,1,24,0
"Bo Stanley",25,"Carpinteria, California","plus-size model","Week 1",19,-119.5184564,34.3988838,"2",0,1,0,0,0,0,0,0,0,0,0,0,0,1,0,0,"Chris Soules","Whitney Bischoff",-91.6712663,42.7491501,33.1635865845311,1603.7958923078,-8.16358658453115,0,1,25,0
"Brittany Fetkin",26,"Temecula, California","wwe diva-in-training","Week 1",19,-117.1483648,33.4936391,"2",0,1,0,0,0,0,0,0,0,0,0,0,0,0,0,0,"Chris Soules","Whitney Bischoff",-91.6712663,42.7491501,33.1635865845311,1519.15349104032,-7.16358658453115,0,1,26,0
"Kara Wilson",25,"Brownsville, Kentucky","high school soccer coach","Week 1",19,-86.2677545,37.1925472,"3",0,0,1,0,0,0,0,0,0,0,0,0,0,0,0,0,"Chris Soules","Whitney Bischoff",-91.6712663,42.7491501,33.1635865845311,479.117566272875,-8.16358658453115,0,1,27,0
"Michelle Davis",25,"Provo, Utah","wedding cake baker","Week 1",19,-111.6585337,40.2338438,"2",0,1,0,0,0,0,0,0,0,0,0,0,0,0,0,0,"Chris Soules","Whitney Bischoff",-91.6712663,42.7491501,33.1635865845311,1047.5467394703,-8.16358658453115,0,1,28,0
"Nicole Meacham",31,"Scottsdale, Arizona","real estate agent","Week 1",19,-111.9260519,33.4941704,"2",0,1,0,0,0,0,0,0,0,0,0,0,0,0,1,0,"Chris Soules","Whitney Bischoff",-91.6712663,42.7491501,33.1635865845311,1269.75762286942,-2.16358658453115,0,1,29,0
"Reegan Cornwell",28,"Manhattan Beach, California","cadaver tissue saleswoman","Week 1",19,-118.4109089,33.8847361,"2",0,1,0,0,0,0,0,0,0,0,0,1,0,0,0,0,"Chris Soules","Whitney Bischoff",-91.6712663,42.7491501,33.1635865845311,1566.8309063321,-5.16358658453115,0,1,30,0
"Lauren Bushnell",25,"West Linn, Oregon","flight attendant","Winner",20,-122.6123141,45.3656761,"7",0,0,0,0,0,0,1,0,0,0,0,0,0,0,0,0,"Ben Higgins","Lauren Bushnell",-104.990251,39.7392358,27.7837097878166,975.988770122205,-2.78370978781657,1,1,1,1
"Joelle ""JoJo"" Fletcher",24,"Dallas, Texas","real estate developer","Runner-up",20,-96.7969879,32.7766642,"5",0,0,0,0,1,0,0,0,0,0,0,0,0,0,1,0,"Ben Higgins","Lauren Bushnell",-104.990251,39.7392358,27.7837097878166,663.31909356226,-3.78370978781657,0,1,2,1
"Caila Quinn",24,"Hudson, Ohio","software sales representative","Week 9",20,-81.440667,41.240056,"3",0,0,1,0,0,0,0,0,0,0,0,1,0,0,0,0,"Ben Higgins","Lauren Bushnell",-104.990251,39.7392358,27.7837097878166,1239.38416929472,-3.78370978781657,0,1,3,1
"Amanda Stanton",25,"Rancho Santa Margarita, California","esthetician","Week 8",20,-117.603104,33.640855,"2",0,1,0,0,0,0,0,0,0,0,0,0,0,0,0,0,"Ben Higgins","Lauren Bushnell",-104.990251,39.7392358,27.7837097878166,815.740079164776,-2.78370978781657,0,1,4,1
"Becca Tilley",26,"Shreveport, Louisiana","chiropractic assistant","Week 7",20,-93.7501789,32.5251516,"5",0,0,0,0,1,0,0,0,0,0,0,0,0,0,0,0,"Ben Higgins","Lauren Bushnell",-104.990251,39.7392358,27.7837097878166,800.950792743247,-1.78370978781657,0,1,5,0
"Emily Ferguson",23,"Las Vegas, Nevada","waitress","Week 7",20,-115.1398296,36.1699412,"2",0,1,0,0,0,0,0,0,0,0,0,0,0,0,0,0,"Ben Higgins","Lauren Bushnell",-104.990251,39.7392358,27.7837097878166,605.649220711036,-4.78370978781657,0,1,6,0
"Lauren Himle",25,"Dexter, Michigan","kindergarten teacher","Week 6",20,-83.8885552,42.3383697,"3",0,0,1,0,0,0,0,0,1,0,0,0,0,0,0,0,"Ben Higgins","Lauren Bushnell",-104.990251,39.7392358,27.7837097878166,1112.55425742734,-2.78370978781657,0,1,7,0
"Olivia Caridi",23,"Bristol, Virginia","former news anchor","Week 6",20,-82.1888089,36.595141,"3",0,0,1,0,0,0,0,0,0,0,0,0,0,0,0,0,"Ben Higgins","Lauren Bushnell",-104.990251,39.7392358,27.7837097878166,1255.39139118616,-4.78370978781657,0,1,8,0
"Leah Block",25,"Greenwood Village, Colorado","event planner","Week 6",20,-104.9508141,39.6172101,"5",0,0,0,0,1,0,0,0,0,0,0,0,0,0,0,0,"Ben Higgins","Lauren Bushnell",-104.990251,39.7392358,27.7837097878166,8.69781953518671,-2.78370978781657,0,1,9,0
"Jennifer Saviano",25,"Lauderdale Lakes, Florida","small business owner","Week 5",20,-80.2083806,26.1664736,"4",0,0,0,1,0,0,0,0,0,0,0,0,0,0,0,1,"Ben Higgins","Lauren Bushnell",-104.990251,39.7392358,27.7837097878166,1708.44402389073,-2.78370978781657,0,1,10,0
"Jubilee Sharpe",24,"Fort Lauderdale, Florida","war veteran","Week 5",20,-80.1373174,26.1224386,"4",0,0,0,1,0,0,0,0,0,0,0,0,0,0,0,0,"Ben Higgins","Lauren Bushnell",-104.990251,39.7392358,27.7837097878166,1713.78609371935,-3.78370978781657,0,1,11,0
"Amber James",30,"Kankakee, Illinois","bartender","Week 4",20,-87.8611531,41.1200325,"3",0,0,1,0,0,0,0,0,0,0,0,0,0,0,0,0,"Ben Higgins","Lauren Bushnell",-104.990251,39.7392358,27.7837097878166,905.462762549645,2.21629021218343,0,1,12,0
"Rachel Tchen",23,"Little Rock, Arkansas","unemployed","Week 4",20,-92.2895948,34.7464809,"5",0,0,0,0,1,0,0,0,0,0,0,0,0,0,0,0,"Ben Higgins","Lauren Bushnell",-104.990251,39.7392358,27.7837097878166,778.973933480316,-4.78370978781657,0,1,13,0
"Haley Ferguson",23,"Las Vegas, Nevada","waitress","Week 4",20,-115.1398296,36.1699412,"2",0,1,0,0,0,0,0,0,0,0,0,0,0,0,0,0,"Ben Higgins","Lauren Bushnell",-104.990251,39.7392358,27.7837097878166,605.649220711036,-4.78370978781657,0,1,14,0
"Jami Letain",23,"St. Albert, Alberta","bartender","Week 3",20,-113.625642,53.6304753,"7",0,0,0,0,0,0,1,0,0,0,0,0,0,0,0,0,"Ben Higgins","Lauren Bushnell",-104.990251,39.7392358,27.7837097878166,1042.7841132954,-4.78370978781657,0,1,15,0
"Shushanna Mkrtychyan",27,"Salt Lake City, Utah","mathematician","Week 3",20,-111.8910474,40.7607793,"2",0,1,0,0,0,0,0,0,0,0,0,0,0,0,0,0,"Ben Higgins","Lauren Bushnell",-104.990251,39.7392358,27.7837097878166,371.001005479367,-0.783709787816566,0,1,16,0
"Lace Morris",25,"Denver, Colorado","real estate agent","Week 3",20,-104.990251,39.7392358,"5",0,0,0,0,1,0,0,0,0,0,0,0,0,0,1,0,"Ben Higgins","Lauren Bushnell",-104.990251,39.7392358,27.7837097878166,0,-2.78370978781657,0,1,17,0
"Amanda ""Mandi"" Kremer",28,"Portland, Oregon","dentist","Week 2",20,-122.6764816,45.5230622,"7",0,0,0,0,0,0,1,0,0,0,0,0,0,0,0,0,"Ben Higgins","Lauren Bushnell",-104.990251,39.7392358,27.7837097878166,982.235046410769,0.216290212183434,0,1,18,0
"Jacqueline ""Jackie"" Dion",23,"Newport Beach, California","gerontologist","Week 2",20,-117.9289469,33.6189101,"2",0,1,0,0,0,0,0,0,0,0,0,0,0,0,0,0,"Ben Higgins","Lauren Bushnell",-104.990251,39.7392358,27.7837097878166,832.06191260707,-4.78370978781657,0,1,19,0
"Samantha Passmore",26,"New Smyrna Beach, Florida","attorney","Week 2",20,-80.9269984,29.0258191,"4",0,0,0,1,0,0,0,0,0,0,0,0,1,0,0,0,"Ben Higgins","Lauren Bushnell",-104.990251,39.7392358,27.7837097878166,1553.68079951171,-1.78370978781657,0,1,20,0
"Lauren ""LB"" Barr",23,"Stillwater, Oklahoma","fashion buyer","Week 2",20,-97.0583681,36.1156071,"5",0,0,0,0,1,0,0,0,0,0,0,0,0,0,0,0,"Ben Higgins","Lauren Bushnell",-104.990251,39.7392358,27.7837097878166,499.829161198481,-4.78370978781657,0,1,21,0
"Breanne Rice",30,"Seattle, Washington","nutritional therapist","Week 1",20,-122.3320708,47.6062095,"7",0,0,0,0,0,0,1,0,0,0,0,0,0,0,0,0,"Ben Higgins","Lauren Bushnell",-104.990251,39.7392358,27.7837097878166,1020.65049423662,2.21629021218343,0,1,22,0
"Isabel ""Izzy"" Goodkind",24,"Branford, Connecticut","graphic designer","Week 1",20,-72.8141185,41.2799027,"1",1,0,0,0,0,0,0,0,0,0,0,0,0,0,0,0,"Ben Higgins","Lauren Bushnell",-104.990251,39.7392358,27.7837097878166,1685.82632364854,-3.78370978781657,0,1,23,0
"Jessica Moser",23,"Boca Raton, Florida","accountant","Week 1",20,-80.1289321,26.3683064,"4",0,0,0,1,0,0,0,0,0,0,0,0,0,0,0,0,"Ben Higgins","Lauren Bushnell",-104.990251,39.7392358,27.7837097878166,1703.4100026177,-4.78370978781657,0,1,24,0
"Laura Esselman",24,"Louisville, Kentucky","account executive","Week 1",20,-85.7584557,38.2526647,"3",0,0,1,0,0,0,0,0,0,0,0,0,0,0,0,0,"Ben Higgins","Lauren Bushnell",-104.990251,39.7392358,27.7837097878166,1036.97199972595,-3.78370978781657,0,1,25,0
"Lauren Russell",26,"Houston, Texas","math teacher","Week 1",20,-95.3698028,29.7604267,"5",0,0,0,0,1,0,0,0,1,0,0,0,0,0,0,0,"Ben Higgins","Lauren Bushnell",-104.990251,39.7392358,27.7837097878166,879.38292447667,-1.78370978781657,0,1,26,0
"Maegan Miller",30,"Visalia, California","cowgirl","Week 1",20,-119.2920585,36.3302284,"2",0,1,0,0,0,0,0,0,0,0,0,0,0,0,0,0,"Ben Higgins","Lauren Bushnell",-104.990251,39.7392358,27.7837097878166,813.034109218028,2.21629021218343,0,1,27,0
"Tiara Soleim",27,"Redmond, Washington","chicken enthusiast","Week 1",20,-122.121512,47.6739881,"7",0,0,0,0,0,0,1,0,0,0,0,0,0,0,0,0,"Ben Higgins","Lauren Bushnell",-104.990251,39.7392358,27.7837097878166,1013.9099688483,-0.783709787816566,0,1,28,0
"Alexis Waters",23,"Secaucus, New Jersey","aspiring dolphin trainer","Participating",21,-74.0565298,40.7895453,"1",1,0,0,0,0,0,0,0,0,0,0,0,0,0,0,0,"Nick Viall","TBA",-87.9064736,43.0389025,36.2600958247776,728.770541098434,-13.2600958247776,0,1,1,1
"Angela Amezcua",26,"Greenville, South Carolina","model","Participating",21,-82.3940104,34.8526176,"3",0,0,1,0,0,0,0,0,0,0,0,0,0,1,0,0,"Nick Viall","TBA",-87.9064736,43.0389025,36.2600958247776,638.839885479738,-10.2600958247776,0,1,2,1
"Astrid",26,"Tampa, Florida","plastic surgery office manager","Participating",21,-82.4571776,27.950575,"4",0,0,0,1,0,0,0,1,0,0,0,0,0,0,0,0,"Nick Viall","TBA",-87.9064736,43.0389025,36.2600958247776,1087.21154755704,-10.2600958247776,0,1,3,1
"Briana Guertler",28,"Salt Lake City, Utah","surgical unit nurse","Participating",21,-111.8910474,40.7607793,"2",0,1,0,0,0,0,0,0,0,1,0,0,0,0,0,0,"Nick Viall","TBA",-87.9064736,43.0389025,36.2600958247776,1240.55536113534,-8.26009582477755,0,1,4,1
"Brittany Farrar",26,"Santa Monica, California","travel nurse","Participating",21,-118.4911912,34.0194543,"2",0,1,0,0,0,0,0,0,0,1,0,0,0,0,0,0,"Nick Viall","TBA",-87.9064736,43.0389025,36.2600958247776,1756.75520176846,-10.2600958247776,0,1,5,0
"Christen Whitney",25,"Martinsville, Indiana","wedding videographer","Participating",21,-86.4283279,39.4278253,"3",0,0,1,0,0,0,0,0,0,0,0,0,0,0,0,0,"Nick Viall","TBA",-87.9064736,43.0389025,36.2600958247776,261.335825692909,-11.2600958247776,0,1,6,0
"Corinne Olympios",24,"Fort Lauderdale, Florida","business owner","Participating",21,-80.1373174,26.1224386,"4",0,0,0,1,0,0,0,0,0,0,0,0,0,0,0,1,"Nick Viall","TBA",-87.9064736,43.0389025,36.2600958247776,1249.56016367212,-12.2600958247776,0,1,7,0
"Danielle Lombard",27,"Danville, California","small business owner","Participating",21,-121.9999606,37.8215929,"7",0,0,0,0,0,0,1,0,0,0,0,0,0,0,0,1,"Nick Viall","TBA",-87.9064736,43.0389025,36.2600958247776,1817.95687406614,-9.26009582477755,0,1,8,0
"Danielle Maltby",31,"Colgate, Wisconsin","neonatal nurse","Participating",21,-88.2067595,43.1930623,"3",0,0,1,0,0,0,0,0,0,1,0,0,0,0,0,0,"Nick Viall","TBA",-87.9064736,43.0389025,36.2600958247776,18.5364855678276,-5.26009582477755,0,1,9,0
"Dominique Alexis",25,"Los Angeles, California","restaurant server","Participating",21,-118.2436849,34.0522342,"2",0,1,0,0,0,0,0,0,0,0,0,0,0,0,0,0,"Nick Viall","TBA",-87.9064736,43.0389025,36.2600958247776,1743.32484204174,-11.2600958247776,0,1,10,0
"Elizabeth ""Liz"" Sandoz",29,"Scottsbluff, Nebraska","doula","Participating",21,-103.6671662,41.8666341,"5",0,0,0,0,1,0,0,0,0,0,0,0,0,0,0,0,"Nick Viall","TBA",-87.9064736,43.0389025,36.2600958247776,807.246654305348,-7.26009582477755,0,1,11,0
"Elizabeth Whitelaw",24,"New Trier, Illinois","marketing manager","Participating",21,-87.7468071,42.1055794,"3",0,0,1,0,0,0,0,1,0,0,0,0,0,0,0,0,"Nick Viall","TBA",-87.9064736,43.0389025,36.2600958247776,65.0690644570807,-12.2600958247776,0,1,12,0
"Hailey",23,"Vancouver, British Columbia","photographer","Participating",21,-123.1207375,49.2827291,"7",0,0,0,0,0,0,1,0,0,0,0,0,0,0,0,0,"Nick Viall","TBA",-87.9064736,43.0389025,36.2600958247776,1724.48096768149,-13.2600958247776,0,1,13,0
"Ida Marie",23,"Harlingen, Texas","sales manager","Participating",21,-97.6961026,26.1906306,"5",0,0,0,0,1,0,0,1,0,0,0,1,0,0,0,0,"Nick Viall","TBA",-87.9064736,43.0389025,36.2600958247776,1289.59218511472,-13.2600958247776,0,1,14,0
"Jaimi King",28,"New Orleans, Louisiana","chef","Participating",21,-90.0715323,29.9510658,"5",0,0,0,0,1,0,0,0,0,0,0,0,0,0,0,0,"Nick Viall","TBA",-87.9064736,43.0389025,36.2600958247776,913.175852583895,-8.26009582477755,0,1,15,0
"Jasmine Brown",25,"Tacoma, Washington","flight attendant","Participating",21,-122.4442906,47.2528768,"7",0,0,0,0,0,0,1,0,0,0,0,0,0,0,0,0,"Nick Viall","TBA",-87.9064736,43.0389025,36.2600958247776,1695.65768059012,-11.2600958247776,0,1,16,0
"Jasmine Goode",29,"Maplewood, New Jersey","pro basketball dancer","Participating",21,-74.271992,40.7299793,"1",1,0,0,0,0,0,0,0,0,0,0,0,0,0,0,0,"Nick Viall","TBA",-87.9064736,43.0389025,36.2600958247776,719.192845081168,-7.26009582477755,0,1,17,0
"Josephine Tutman",24,"Santa Cruz, California","unemployed nurse","Participating",21,-122.0307963,36.9741171,"2",0,1,0,0,0,0,0,0,0,1,0,0,0,0,0,0,"Nick Viall","TBA",-87.9064736,43.0389025,36.2600958247776,1842.49436796776,-12.2600958247776,0,1,18,0
"Kristina",24,"Lexington, Kentucky","dental hygienist","Participating",21,-84.5037164,38.0405837,"3",0,0,1,0,0,0,0,0,0,0,0,0,0,0,0,0,"Nick Viall","TBA",-87.9064736,43.0389025,36.2600958247776,389.180257456316,-12.2600958247776,0,1,19,0
"Lacey",25,"Towaco, New Jersey","digital marketing manager","Participating",21,-74.3439578,40.9232019,"1",1,0,0,0,0,0,0,1,0,0,0,0,0,0,0,0,"Nick Viall","TBA",-87.9064736,43.0389025,36.2600958247776,711.716938985271,-11.2600958247776,0,1,20,0
"Lauren Hussey",30,"Naples, Florida","law school graduate","Participating",21,-81.7948103,26.1420358,"4",0,0,0,1,0,0,0,0,0,0,0,0,0,0,0,0,"Nick Viall","TBA",-87.9064736,43.0389025,36.2600958247776,1218.59214978904,-6.26009582477755,0,1,21,0
"Michelle Ramkissoon",24,"Los Angeles, California","food truck owner","Participating",21,-118.2436849,34.0522342,"2",0,1,0,0,0,0,0,0,0,0,0,0,0,0,0,1,"Nick Viall","TBA",-87.9064736,43.0389025,36.2600958247776,1743.32484204174,-12.2600958247776,0,1,22,0
"Olivia",25,"Ketchikan, Alaska","apparel sales representative","Participating",21,-131.6461111,55.3422222,"7",0,0,0,0,0,0,1,0,0,0,0,1,0,0,0,0,"Nick Viall","TBA",-87.9064736,43.0389025,36.2600958247776,2109.24421673736,-11.2600958247776,0,1,23,0
"Rachel Lindsay",31,"Dallas, Texas","attorney","Participating",21,-96.7969879,32.7766642,"5",0,0,0,0,1,0,0,0,0,0,0,0,1,0,0,0,"Nick Viall","TBA",-87.9064736,43.0389025,36.2600958247776,858.693491625748,-5.26009582477755,0,1,24,0
"Raven Gates",25,"Hoxie, Arkansas","fashion boutique owner","Participating",21,-90.9751205,36.0503484,"3",0,0,1,0,0,0,0,0,0,0,0,0,0,0,0,1,"Nick Viall","TBA",-87.9064736,43.0389025,36.2600958247776,510.262169151757,-11.2600958247776,0,1,25,0
"Sarah Vendal",26,"Palmdale, California","grade school teacher","Participating",21,-118.1164613,34.5794343,"2",0,1,0,0,0,0,0,0,1,0,0,0,0,0,0,0,"Nick Viall","TBA",-87.9064736,43.0389025,36.2600958247776,1719.0782101173,-10.2600958247776,0,1,26,0
"Susannah Milan",26,"San Diego, California","account manager","Participating",21,-117.1610838,32.715738,"2",0,1,0,0,0,0,0,1,0,0,0,0,0,0,0,0,"Nick Viall","TBA",-87.9064736,43.0389025,36.2600958247776,1737.94596284255,-10.2600958247776,0,1,27,0
"Taylor",23,"Seattle, Washington","mental health counselor","Participating",21,-122.3320708,47.6062095,"7",0,0,0,0,0,0,1,0,0,0,0,0,0,0,0,0,"Nick Viall","TBA",-87.9064736,43.0389025,36.2600958247776,1689.34873395648,-13.2600958247776,0,1,28,0
"Vanessa Grimaldi",29,"Montreal, Quebec","special education teacher","Participating",21,-73.567256,45.5016889,"1",1,0,0,0,0,0,0,0,1,0,0,0,0,0,0,0,"Nick Viall","TBA",-87.9064736,43.0389025,36.2600958247776,729.282544809887,-7.26009582477755,0,1,29,0
"Whitney",25,"Chanhassen, Minnesota","pilates instructor","Participating",21,-93.5323103,44.8619645,"3",0,0,1,0,0,0,0,0,0,0,0,0,0,0,0,0,"Nick Viall","TBA",-87.9064736,43.0389025,36.2600958247776,307.142373948114,-11.2600958247776,0,1,30,0
